[
  {
    "inputs": [
      {
        "internalType": "address",
        "name": "_devAdd",
        "type": "address"
      },
      {
        "internalType": "address",
        "name": "_expedAdd",
        "type": "address"
      },
      {
        "internalType": "address",
        "name": "_trustedSeederAdd",
        "type": "address"
      }
    ],
    "stateMutability": "nonpayable",
    "type": "constructor"
  },
  {
    "anonymous": false,
    "inputs": [
      {
        "indexed": true,
        "internalType": "address",
        "name": "user",
        "type": "address"
      },
      {
        "indexed": true,
        "internalType": "uint16",
        "name": "harvestPid",
        "type": "uint16"
      },
      {
        "indexed": true,
        "internalType": "uint16",
        "name": "crossCompoundPid",
        "type": "uint16"
      },
      {
        "indexed": false,
        "internalType": "uint256",
        "name": "amount",
        "type": "uint256"
      }
    ],
    "name": "CrossCompound",
    "type": "event"
  },
  {
    "anonymous": false,
    "inputs": [
      {
        "indexed": true,
        "internalType": "address",
        "name": "user",
        "type": "address"
      },
      {
        "indexed": true,
        "internalType": "uint16",
        "name": "pid",
        "type": "uint16"
      },
      {
        "indexed": false,
        "internalType": "uint256",
        "name": "amount",
        "type": "uint256"
      },
      {
        "indexed": false,
        "internalType": "uint256",
        "name": "expeditionSummitLpAmount",
        "type": "uint256"
      }
    ],
    "name": "Deposit",
    "type": "event"
  },
  {
    "anonymous": false,
    "inputs": [
      {
        "indexed": true,
        "internalType": "address",
        "name": "user",
        "type": "address"
      },
      {
        "indexed": true,
        "internalType": "uint16",
        "name": "currentPid",
        "type": "uint16"
      },
      {
        "indexed": true,
        "internalType": "uint16",
        "name": "newPid",
        "type": "uint16"
      },
      {
        "indexed": false,
        "internalType": "uint8",
        "name": "totem",
        "type": "uint8"
      },
      {
        "indexed": false,
        "internalType": "uint256",
        "name": "amount",
        "type": "uint256"
      }
    ],
    "name": "Elevate",
    "type": "event"
  },
  {
    "anonymous": false,
    "inputs": [
      {
        "indexed": true,
        "internalType": "uint16",
        "name": "pid",
        "type": "uint16"
      },
      {
        "indexed": false,
        "internalType": "address",
        "name": "rewardToken",
        "type": "address"
      },
      {
        "indexed": false,
        "internalType": "uint256",
        "name": "_rewardAmount",
        "type": "uint256"
      },
      {
        "indexed": false,
        "internalType": "uint256",
        "name": "_rounds",
        "type": "uint256"
      }
    ],
    "name": "ExpeditionCreated",
    "type": "event"
  },
  {
    "anonymous": false,
    "inputs": [
      {
        "indexed": true,
        "internalType": "address",
        "name": "user",
        "type": "address"
      },
      {
        "indexed": true,
        "internalType": "uint8",
        "name": "elevation",
        "type": "uint8"
      },
      {
        "indexed": false,
        "internalType": "bool",
        "name": "crossCompound",
        "type": "bool"
      },
      {
        "indexed": false,
        "internalType": "uint256",
        "name": "totalHarvested",
        "type": "uint256"
      }
    ],
    "name": "HarvestElevation",
    "type": "event"
  },
  {
    "anonymous": false,
    "inputs": [
      {
        "indexed": true,
        "internalType": "address",
        "name": "previousOwner",
        "type": "address"
      },
      {
        "indexed": true,
        "internalType": "address",
        "name": "newOwner",
        "type": "address"
      }
    ],
    "name": "OwnershipTransferred",
    "type": "event"
  },
  {
    "anonymous": false,
    "inputs": [
      {
        "indexed": true,
        "internalType": "address",
        "name": "token",
        "type": "address"
      },
      {
        "indexed": true,
        "internalType": "address",
        "name": "passthroughStrategy",
        "type": "address"
      }
    ],
    "name": "PassthroughStrategyRetired",
    "type": "event"
  },
  {
    "anonymous": false,
    "inputs": [
      {
        "indexed": true,
        "internalType": "address",
        "name": "token",
        "type": "address"
      },
      {
        "indexed": true,
        "internalType": "address",
        "name": "passthroughStrategy",
        "type": "address"
      }
    ],
    "name": "PassthroughStrategySet",
    "type": "event"
  },
  {
    "anonymous": false,
    "inputs": [
      {
        "indexed": true,
        "internalType": "uint16",
        "name": "pid",
        "type": "uint16"
      },
      {
        "indexed": false,
        "internalType": "uint8",
        "name": "elevation",
        "type": "uint8"
      },
      {
        "indexed": false,
        "internalType": "address",
        "name": "token",
        "type": "address"
      }
    ],
    "name": "PoolCreated",
    "type": "event"
  },
  {
    "anonymous": false,
    "inputs": [
      {
        "indexed": true,
        "internalType": "uint16",
        "name": "pid",
        "type": "uint16"
      },
      {
        "indexed": false,
        "internalType": "bool",
        "name": "live",
        "type": "bool"
      },
      {
        "indexed": false,
        "internalType": "uint256",
        "name": "depositFee",
        "type": "uint256"
      },
      {
        "indexed": false,
        "internalType": "uint256",
        "name": "elevation",
        "type": "uint256"
      }
    ],
    "name": "PoolUpdated",
    "type": "event"
  },
  {
    "anonymous": false,
    "inputs": [
      {
        "indexed": true,
        "internalType": "address",
        "name": "user",
        "type": "address"
      },
      {
        "indexed": false,
        "internalType": "uint256",
        "name": "amount",
        "type": "uint256"
      }
    ],
    "name": "RedeemRewards",
    "type": "event"
  },
  {
    "anonymous": false,
    "inputs": [
      {
        "indexed": true,
        "internalType": "address",
        "name": "user",
        "type": "address"
      },
      {
        "indexed": false,
        "internalType": "uint256",
        "name": "elevation",
        "type": "uint256"
      }
    ],
    "name": "Rollover",
    "type": "event"
  },
  {
    "anonymous": false,
    "inputs": [
      {
        "indexed": true,
        "internalType": "address",
        "name": "user",
        "type": "address"
      }
    ],
    "name": "RolloverReferral",
    "type": "event"
  },
  {
    "anonymous": false,
    "inputs": [
      {
        "indexed": true,
        "internalType": "address",
        "name": "user",
        "type": "address"
      },
      {
        "indexed": true,
        "internalType": "address",
        "name": "newAddress",
        "type": "address"
      }
    ],
    "name": "SetExpeditionTreasuryAddress",
    "type": "event"
  },
  {
    "anonymous": false,
    "inputs": [
      {
        "indexed": true,
        "internalType": "address",
        "name": "user",
        "type": "address"
      },
      {
        "indexed": true,
        "internalType": "address",
        "name": "newAddress",
        "type": "address"
      }
    ],
    "name": "SetTreasuryAddress",
    "type": "event"
  },
  {
    "anonymous": false,
    "inputs": [
      {
        "indexed": true,
        "internalType": "address",
        "name": "user",
        "type": "address"
      },
      {
        "indexed": true,
        "internalType": "address",
        "name": "newAddress",
        "type": "address"
      }
    ],
    "name": "SetTrustedSeederAddress",
    "type": "event"
  },
  {
    "anonymous": false,
    "inputs": [
      {
        "indexed": true,
        "internalType": "address",
        "name": "user",
        "type": "address"
      },
      {
        "indexed": true,
        "internalType": "uint8",
        "name": "elevation",
        "type": "uint8"
      },
      {
        "indexed": false,
        "internalType": "uint8",
        "name": "totem",
        "type": "uint8"
      }
    ],
    "name": "SwitchTotem",
    "type": "event"
  },
  {
    "anonymous": false,
    "inputs": [
      {
        "indexed": true,
        "internalType": "address",
        "name": "token",
        "type": "address"
      },
      {
        "indexed": false,
        "internalType": "uint256",
        "name": "alloc",
        "type": "uint256"
      }
    ],
    "name": "TokenAllocCreated",
    "type": "event"
  },
  {
    "anonymous": false,
    "inputs": [
      {
        "indexed": true,
        "internalType": "address",
        "name": "token",
        "type": "address"
      },
      {
        "indexed": false,
        "internalType": "uint256",
        "name": "alloc",
        "type": "uint256"
      }
    ],
    "name": "TokenAllocUpdated",
    "type": "event"
  },
  {
    "anonymous": false,
    "inputs": [
      {
        "indexed": true,
        "internalType": "address",
        "name": "user",
        "type": "address"
      },
      {
        "indexed": true,
        "internalType": "uint16",
        "name": "pid",
        "type": "uint16"
      },
      {
        "indexed": false,
        "internalType": "uint256",
        "name": "amount",
        "type": "uint256"
      },
      {
        "indexed": false,
        "internalType": "uint256",
        "name": "expeditionSummitLpAmount",
        "type": "uint256"
      }
    ],
    "name": "Withdraw",
    "type": "event"
  },
  {
    "inputs": [
      {
        "internalType": "contract IBEP20",
        "name": "_token",
        "type": "address"
      },
      {
        "internalType": "uint8",
        "name": "_elevation",
        "type": "uint8"
      },
      {
        "internalType": "bool",
        "name": "_live",
        "type": "bool"
      },
      {
        "internalType": "uint16",
        "name": "_feeBP",
        "type": "uint16"
      },
      {
        "internalType": "bool",
        "name": "_withUpdate",
        "type": "bool"
      }
    ],
    "name": "add",
    "outputs": [],
    "stateMutability": "nonpayable",
    "type": "function"
  },
  {
    "inputs": [
      {
        "internalType": "uint256",
        "name": "_startRoundOffset",
        "type": "uint256"
      },
      {
        "internalType": "contract IBEP20",
        "name": "_rewardToken",
        "type": "address"
      },
      {
        "internalType": "uint256",
        "name": "_rewardAmount",
        "type": "uint256"
      },
      {
        "internalType": "uint256",
        "name": "_rounds",
        "type": "uint256"
      }
    ],
    "name": "addExpedition",
    "outputs": [],
    "stateMutability": "nonpayable",
    "type": "function"
  },
  {
    "inputs": [
      {
        "internalType": "contract IBEP20",
        "name": "_token",
        "type": "address"
      },
      {
        "internalType": "uint256",
        "name": "_allocation",
        "type": "uint256"
      }
    ],
    "name": "createTokenAllocation",
    "outputs": [],
    "stateMutability": "nonpayable",
    "type": "function"
  },
  {
    "inputs": [
      {
        "internalType": "uint16",
        "name": "_pid",
        "type": "uint16"
      },
      {
        "internalType": "uint8",
        "name": "_totem",
        "type": "uint8"
      }
    ],
    "name": "crossCompound",
    "outputs": [],
    "stateMutability": "nonpayable",
    "type": "function"
  },
  {
    "inputs": [
      {
        "internalType": "uint16",
        "name": "_pid",
        "type": "uint16"
      },
      {
        "internalType": "uint256",
        "name": "_amount",
        "type": "uint256"
      },
      {
        "internalType": "uint256",
        "name": "_expedSummitLpAmount",
        "type": "uint256"
      },
      {
        "internalType": "uint8",
        "name": "_totem",
        "type": "uint8"
      }
    ],
    "name": "deposit",
    "outputs": [],
    "stateMutability": "nonpayable",
    "type": "function"
  },
  {
    "inputs": [
      {
        "internalType": "uint16",
        "name": "_pid",
        "type": "uint16"
      }
    ],
    "name": "depositFee",
    "outputs": [
      {
        "internalType": "uint256",
        "name": "",
        "type": "uint256"
      }
    ],
    "stateMutability": "view",
    "type": "function"
  },
  {
    "inputs": [
      {
        "internalType": "address",
        "name": "_userAdd",
        "type": "address"
      },
      {
        "internalType": "contract IBEP20",
        "name": "_token",
        "type": "address"
      },
      {
        "internalType": "uint256",
        "name": "_feeBP",
        "type": "uint256"
      },
      {
        "internalType": "uint256",
        "name": "_amount",
        "type": "uint256"
      },
      {
        "internalType": "uint256",
        "name": "_expedSummitLpAmount",
        "type": "uint256"
      }
    ],
    "name": "depositTokenManagement",
    "outputs": [
      {
        "internalType": "uint256",
        "name": "",
        "type": "uint256"
      }
    ],
    "stateMutability": "nonpayable",
    "type": "function"
  },
  {
    "inputs": [],
    "name": "devAdd",
    "outputs": [
      {
        "internalType": "address",
        "name": "",
        "type": "address"
      }
    ],
    "stateMutability": "view",
    "type": "function"
  },
  {
    "inputs": [],
    "name": "devSummitPerSecond",
    "outputs": [
      {
        "internalType": "uint256",
        "name": "",
        "type": "uint256"
      }
    ],
    "stateMutability": "view",
    "type": "function"
  },
  {
    "inputs": [
      {
        "internalType": "uint16",
        "name": "_sourcePid",
        "type": "uint16"
      },
      {
        "internalType": "uint16",
        "name": "_targetPid",
        "type": "uint16"
      },
      {
        "internalType": "uint256",
        "name": "_amount",
        "type": "uint256"
      },
      {
        "internalType": "contract IBEP20",
        "name": "_token",
        "type": "address"
      },
      {
        "internalType": "uint8",
        "name": "_totem",
        "type": "uint8"
      }
    ],
    "name": "elevate",
    "outputs": [],
    "stateMutability": "nonpayable",
    "type": "function"
  },
  {
    "inputs": [
      {
        "internalType": "uint16",
        "name": "_pid",
        "type": "uint16"
      }
    ],
    "name": "elevationModulatedAllocation",
    "outputs": [
      {
        "internalType": "uint256",
        "name": "",
        "type": "uint256"
      }
    ],
    "stateMutability": "view",
    "type": "function"
  },
  {
    "inputs": [],
    "name": "enable",
    "outputs": [],
    "stateMutability": "nonpayable",
    "type": "function"
  },
  {
    "inputs": [],
    "name": "enabled",
    "outputs": [
      {
        "internalType": "bool",
        "name": "",
        "type": "bool"
      }
    ],
    "stateMutability": "view",
    "type": "function"
  },
  {
    "inputs": [],
    "name": "expedAdd",
    "outputs": [
      {
        "internalType": "address",
        "name": "",
        "type": "address"
      }
    ],
    "stateMutability": "view",
    "type": "function"
  },
  {
    "inputs": [
      {
        "internalType": "uint8",
        "name": "_elevation",
        "type": "uint8"
      },
      {
        "internalType": "bool",
        "name": "_crossCompound",
        "type": "bool"
      }
    ],
    "name": "harvestElevation",
    "outputs": [],
    "stateMutability": "nonpayable",
    "type": "function"
  },
  {
    "inputs": [
      {
        "internalType": "uint16",
        "name": "_pid",
        "type": "uint16"
      },
      {
        "internalType": "address",
        "name": "_userAdd",
        "type": "address"
      }
    ],
    "name": "hypotheticalRewards",
    "outputs": [
      {
        "internalType": "uint256",
        "name": "",
        "type": "uint256"
      },
      {
        "internalType": "uint256",
        "name": "",
        "type": "uint256"
      }
    ],
    "stateMutability": "view",
    "type": "function"
  },
  {
    "inputs": [
      {
        "internalType": "contract SummitToken",
        "name": "_summit",
        "type": "address"
      },
      {
        "internalType": "contract ILiquidityPair",
        "name": "_summitLp",
        "type": "address"
      },
      {
        "internalType": "address",
        "name": "_ElevationHelper",
        "type": "address"
      },
      {
        "internalType": "address",
        "name": "_SummitReferrals",
        "type": "address"
      },
      {
        "internalType": "address",
        "name": "_CartographerOasis",
        "type": "address"
      },
      {
        "internalType": "address",
        "name": "_CartographerElevation",
        "type": "address"
      },
      {
        "internalType": "address",
        "name": "_CartographerExpedition",
        "type": "address"
      }
    ],
    "name": "initialize",
    "outputs": [],
    "stateMutability": "nonpayable",
    "type": "function"
  },
  {
    "inputs": [
      {
        "internalType": "uint16",
        "name": "_pid",
        "type": "uint16"
      }
    ],
    "name": "isEarning",
    "outputs": [
      {
        "internalType": "bool",
        "name": "",
        "type": "bool"
      }
    ],
    "stateMutability": "view",
    "type": "function"
  },
  {
    "inputs": [],
    "name": "launchTimestamp",
    "outputs": [
      {
        "internalType": "uint256",
        "name": "",
        "type": "uint256"
      }
    ],
    "stateMutability": "view",
    "type": "function"
  },
  {
    "inputs": [],
    "name": "massUpdatePools",
    "outputs": [],
    "stateMutability": "nonpayable",
    "type": "function"
  },
  {
    "inputs": [
      {
        "internalType": "uint256",
        "name": "_lastRewardTimestamp",
        "type": "uint256"
      },
      {
        "internalType": "contract IBEP20",
        "name": "_token",
        "type": "address"
      },
      {
        "internalType": "uint8",
        "name": "_elevation",
        "type": "uint8"
      }
    ],
    "name": "mintPoolSummit",
    "outputs": [
      {
        "internalType": "uint256",
        "name": "",
        "type": "uint256"
      }
    ],
    "stateMutability": "nonpayable",
    "type": "function"
  },
  {
    "inputs": [],
    "name": "owner",
    "outputs": [
      {
        "internalType": "address",
        "name": "",
        "type": "address"
      }
    ],
    "stateMutability": "view",
    "type": "function"
  },
  {
    "inputs": [
      {
        "internalType": "uint16",
        "name": "",
        "type": "uint16"
      }
    ],
    "name": "poolElevation",
    "outputs": [
      {
        "internalType": "uint8",
        "name": "",
        "type": "uint8"
      }
    ],
    "stateMutability": "view",
    "type": "function"
  },
  {
    "inputs": [
      {
        "internalType": "uint256",
        "name": "",
        "type": "uint256"
      }
    ],
    "name": "poolIds",
    "outputs": [
      {
        "internalType": "uint16",
        "name": "",
        "type": "uint16"
      }
    ],
    "stateMutability": "view",
    "type": "function"
  },
  {
    "inputs": [
      {
        "internalType": "uint256",
        "name": "_lastRewardTimestamp",
        "type": "uint256"
      },
      {
        "internalType": "contract IBEP20",
        "name": "_token",
        "type": "address"
      },
      {
        "internalType": "uint8",
        "name": "_elevation",
        "type": "uint8"
      }
    ],
    "name": "poolSummitEmission",
    "outputs": [
      {
        "internalType": "uint256",
        "name": "",
        "type": "uint256"
      }
    ],
    "stateMutability": "view",
    "type": "function"
  },
  {
    "inputs": [],
    "name": "poolsCount",
    "outputs": [
      {
        "internalType": "uint256",
        "name": "",
        "type": "uint256"
      }
    ],
    "stateMutability": "view",
    "type": "function"
  },
  {
    "inputs": [
      {
        "internalType": "address",
        "name": "_userAdd",
        "type": "address"
      },
      {
        "internalType": "uint256",
        "name": "_amount",
        "type": "uint256"
      }
    ],
    "name": "redeemRewards",
    "outputs": [],
    "stateMutability": "nonpayable",
    "type": "function"
  },
  {
    "inputs": [],
    "name": "referralBurnTimestamp",
    "outputs": [
      {
        "internalType": "uint256",
        "name": "",
        "type": "uint256"
      }
    ],
    "stateMutability": "view",
    "type": "function"
  },
  {
    "inputs": [
      {
        "internalType": "uint256",
        "name": "_amount",
        "type": "uint256"
      }
    ],
    "name": "referralRewardsMintSafetyHatch",
    "outputs": [],
    "stateMutability": "nonpayable",
    "type": "function"
  },
  {
    "inputs": [],
    "name": "referralsSummitPerSecond",
    "outputs": [
      {
        "internalType": "uint256",
        "name": "",
        "type": "uint256"
      }
    ],
    "stateMutability": "view",
    "type": "function"
  },
  {
    "inputs": [],
    "name": "renounceOwnership",
    "outputs": [],
    "stateMutability": "nonpayable",
    "type": "function"
  },
  {
    "inputs": [
      {
        "internalType": "contract IBEP20",
        "name": "_token",
        "type": "address"
      }
    ],
    "name": "retireTokenPassthroughStrategy",
    "outputs": [],
    "stateMutability": "nonpayable",
    "type": "function"
  },
  {
    "inputs": [
      {
        "internalType": "uint16",
        "name": "_pid",
        "type": "uint16"
      },
      {
        "internalType": "address",
        "name": "_userAdd",
        "type": "address"
      }
    ],
    "name": "rewards",
    "outputs": [
      {
        "internalType": "uint256",
        "name": "",
        "type": "uint256"
      },
      {
        "internalType": "uint256",
        "name": "",
        "type": "uint256"
      },
      {
        "internalType": "uint256",
        "name": "",
        "type": "uint256"
      },
      {
        "internalType": "uint256",
        "name": "",
        "type": "uint256"
      }
    ],
    "stateMutability": "view",
    "type": "function"
  },
  {
    "inputs": [
      {
        "internalType": "uint8",
        "name": "_elevation",
        "type": "uint8"
      }
    ],
    "name": "rollover",
    "outputs": [],
    "stateMutability": "nonpayable",
    "type": "function"
  },
  {
    "inputs": [],
    "name": "rolloverReferral",
    "outputs": [],
    "stateMutability": "nonpayable",
    "type": "function"
  },
  {
    "inputs": [],
    "name": "rolloverRewardInNativeToken",
    "outputs": [
      {
        "internalType": "uint256",
        "name": "",
        "type": "uint256"
      }
    ],
    "stateMutability": "view",
    "type": "function"
  },
  {
    "inputs": [
      {
        "internalType": "uint8",
        "name": "_elevation",
        "type": "uint8"
      }
    ],
    "name": "roundEndTimestamp",
    "outputs": [
      {
        "internalType": "uint256",
        "name": "",
        "type": "uint256"
      }
    ],
    "stateMutability": "view",
    "type": "function"
  },
  {
    "inputs": [
      {
        "internalType": "uint16",
        "name": "_pid",
        "type": "uint16"
      },
      {
        "internalType": "bool",
        "name": "_live",
        "type": "bool"
      },
      {
        "internalType": "uint16",
        "name": "_feeBP",
        "type": "uint16"
      },
      {
        "internalType": "bool",
        "name": "_withUpdate",
        "type": "bool"
      }
    ],
    "name": "set",
    "outputs": [],
    "stateMutability": "nonpayable",
    "type": "function"
  },
  {
    "inputs": [
      {
        "internalType": "address",
        "name": "_devAdd",
        "type": "address"
      }
    ],
    "name": "setDevAdd",
    "outputs": [],
    "stateMutability": "nonpayable",
    "type": "function"
  },
  {
    "inputs": [
      {
        "internalType": "address",
        "name": "_expedAdd",
        "type": "address"
      }
    ],
    "name": "setExpedAdd",
    "outputs": [],
    "stateMutability": "nonpayable",
    "type": "function"
  },
  {
    "inputs": [
      {
        "internalType": "contract IBEP20",
        "name": "_token",
        "type": "address"
      },
      {
        "internalType": "uint8",
        "name": "_elevation",
        "type": "uint8"
      },
      {
        "internalType": "bool",
        "name": "_isEarning",
        "type": "bool"
      }
    ],
    "name": "setIsTokenEarningAtElevation",
    "outputs": [],
    "stateMutability": "nonpayable",
    "type": "function"
  },
  {
    "inputs": [
      {
        "internalType": "uint256",
        "name": "_reward",
        "type": "uint256"
      }
    ],
    "name": "setRolloverRewardInNativeToken",
    "outputs": [],
    "stateMutability": "nonpayable",
    "type": "function"
  },
  {
    "inputs": [
      {
        "internalType": "uint256",
        "name": "_staking",
        "type": "uint256"
      },
      {
        "internalType": "uint256",
        "name": "_dev",
        "type": "uint256"
      }
    ],
    "name": "setSummitDistributionProfile",
    "outputs": [],
    "stateMutability": "nonpayable",
    "type": "function"
  },
  {
    "inputs": [
      {
        "internalType": "contract IBEP20",
        "name": "_token",
        "type": "address"
      },
      {
        "internalType": "address",
        "name": "_passthroughStrategy",
        "type": "address"
      }
    ],
    "name": "setTokenPassthroughStrategy",
    "outputs": [],
    "stateMutability": "nonpayable",
    "type": "function"
  },
  {
    "inputs": [
      {
        "internalType": "contract IBEP20",
        "name": "_token",
        "type": "address"
      },
      {
        "internalType": "uint256",
        "name": "_allocation",
        "type": "uint256"
      }
    ],
    "name": "setTokenSharedAlloc",
    "outputs": [],
    "stateMutability": "nonpayable",
    "type": "function"
  },
  {
    "inputs": [
      {
        "internalType": "uint256",
        "name": "_amount",
        "type": "uint256"
      }
    ],
    "name": "setTotalSummitPerSecond",
    "outputs": [],
    "stateMutability": "nonpayable",
    "type": "function"
  },
  {
    "inputs": [
      {
        "internalType": "address",
        "name": "_trustedSeederAdd",
        "type": "address"
      }
    ],
    "name": "setTrustedSeederAdd",
    "outputs": [],
    "stateMutability": "nonpayable",
    "type": "function"
  },
  {
    "inputs": [
      {
        "internalType": "uint16",
        "name": "_pid",
        "type": "uint16"
      }
    ],
    "name": "stakedSupply",
    "outputs": [
      {
        "internalType": "uint256",
        "name": "",
        "type": "uint256"
      }
    ],
    "stateMutability": "view",
    "type": "function"
  },
  {
    "inputs": [],
    "name": "summit",
    "outputs": [
      {
        "internalType": "contract SummitToken",
        "name": "",
        "type": "address"
      }
    ],
    "stateMutability": "view",
    "type": "function"
  },
  {
    "inputs": [],
    "name": "summitLp",
    "outputs": [
      {
        "internalType": "contract ILiquidityPair",
        "name": "",
        "type": "address"
      }
    ],
    "stateMutability": "view",
    "type": "function"
  },
  {
    "inputs": [],
    "name": "summitPerSecond",
    "outputs": [
      {
        "internalType": "uint256",
        "name": "",
        "type": "uint256"
      }
    ],
    "stateMutability": "view",
    "type": "function"
  },
  {
    "inputs": [
      {
        "internalType": "uint8",
        "name": "_elevation",
        "type": "uint8"
      },
      {
        "internalType": "uint8",
        "name": "_totem",
        "type": "uint8"
      }
    ],
    "name": "switchTotem",
    "outputs": [],
    "stateMutability": "nonpayable",
    "type": "function"
  },
  {
    "inputs": [
      {
        "internalType": "uint256",
        "name": "_from",
        "type": "uint256"
      },
      {
        "internalType": "uint256",
        "name": "_to",
        "type": "uint256"
      }
    ],
    "name": "timeDiffSeconds",
    "outputs": [
      {
        "internalType": "uint256",
        "name": "",
        "type": "uint256"
      }
    ],
    "stateMutability": "pure",
    "type": "function"
  },
  {
    "inputs": [
      {
        "internalType": "uint16",
        "name": "_pid",
        "type": "uint16"
      },
      {
        "internalType": "bool",
        "name": "_isExpeditionSummitLp",
        "type": "bool"
      }
    ],
    "name": "token",
    "outputs": [
      {
        "internalType": "contract IBEP20",
        "name": "",
        "type": "address"
      }
    ],
    "stateMutability": "view",
    "type": "function"
  },
  {
    "inputs": [
      {
        "internalType": "contract IBEP20",
        "name": "",
        "type": "address"
      }
    ],
    "name": "tokenAllocExistence",
    "outputs": [
      {
        "internalType": "bool",
        "name": "",
        "type": "bool"
      }
    ],
    "stateMutability": "view",
    "type": "function"
  },
  {
    "inputs": [
      {
        "internalType": "contract IBEP20",
        "name": "",
        "type": "address"
      }
    ],
    "name": "tokenBaseAlloc",
    "outputs": [
      {
        "internalType": "uint256",
        "name": "",
        "type": "uint256"
      }
    ],
    "stateMutability": "view",
    "type": "function"
  },
  {
    "inputs": [
      {
        "internalType": "contract IBEP20",
        "name": "_token",
        "type": "address"
      },
      {
        "internalType": "uint8",
        "name": "_elevation",
        "type": "uint8"
      }
    ],
    "name": "tokenElevationEmissionMultiplier",
    "outputs": [
      {
        "internalType": "uint256",
        "name": "",
        "type": "uint256"
      }
    ],
    "stateMutability": "view",
    "type": "function"
  },
  {
    "inputs": [
      {
        "internalType": "contract IBEP20",
        "name": "",
        "type": "address"
      },
      {
        "internalType": "uint8",
        "name": "",
        "type": "uint8"
      }
    ],
    "name": "tokenElevationIsEarning",
    "outputs": [
      {
        "internalType": "bool",
        "name": "",
        "type": "bool"
      }
    ],
    "stateMutability": "view",
    "type": "function"
  },
  {
    "inputs": [
      {
        "internalType": "contract IBEP20",
        "name": "",
        "type": "address"
      },
      {
        "internalType": "uint8",
        "name": "",
        "type": "uint8"
      }
    ],
    "name": "tokenElevationPid",
    "outputs": [
      {
        "internalType": "uint16",
        "name": "",
        "type": "uint16"
      }
    ],
    "stateMutability": "view",
    "type": "function"
  },
  {
    "inputs": [
      {
        "internalType": "contract IBEP20",
        "name": "",
        "type": "address"
      }
    ],
    "name": "tokenPassthroughStrategy",
    "outputs": [
      {
        "internalType": "address",
        "name": "",
        "type": "address"
      }
    ],
    "stateMutability": "view",
    "type": "function"
  },
  {
    "inputs": [
      {
        "internalType": "contract IBEP20",
        "name": "",
        "type": "address"
      }
    ],
    "name": "tokenSharedAlloc",
    "outputs": [
      {
        "internalType": "uint256",
        "name": "",
        "type": "uint256"
      }
    ],
    "stateMutability": "view",
    "type": "function"
  },
  {
    "inputs": [],
    "name": "totalSharedAlloc",
    "outputs": [
      {
        "internalType": "uint256",
        "name": "",
        "type": "uint256"
      }
    ],
    "stateMutability": "view",
    "type": "function"
  },
  {
    "inputs": [
      {
        "internalType": "address",
        "name": "newOwner",
        "type": "address"
      }
    ],
    "name": "transferOwnership",
    "outputs": [],
    "stateMutability": "nonpayable",
    "type": "function"
  },
  {
    "inputs": [],
    "name": "trustedSeederAdd",
    "outputs": [
      {
        "internalType": "address",
        "name": "",
        "type": "address"
      }
    ],
    "stateMutability": "view",
    "type": "function"
  },
  {
    "inputs": [
      {
        "internalType": "uint8",
        "name": "_elevation",
        "type": "uint8"
      },
      {
        "internalType": "address",
        "name": "_userAdd",
        "type": "address"
      }
    ],
    "name": "userTotem",
    "outputs": [
      {
        "internalType": "bool",
        "name": "",
        "type": "bool"
      },
      {
        "internalType": "uint8",
        "name": "",
        "type": "uint8"
      }
    ],
    "stateMutability": "view",
    "type": "function"
  },
  {
    "inputs": [
      {
        "internalType": "uint16",
        "name": "_pid",
        "type": "uint16"
      },
      {
        "internalType": "uint256",
        "name": "_amount",
        "type": "uint256"
      },
      {
        "internalType": "uint256",
        "name": "_expedSummitLpAmount",
        "type": "uint256"
      }
    ],
    "name": "withdraw",
    "outputs": [],
    "stateMutability": "nonpayable",
    "type": "function"
  },
  {
    "inputs": [
      {
        "internalType": "address",
        "name": "_userAdd",
        "type": "address"
      },
      {
        "internalType": "contract IBEP20",
        "name": "_token",
        "type": "address"
      },
      {
        "internalType": "uint256",
        "name": "_feeBP",
        "type": "uint256"
      },
      {
        "internalType": "uint256",
        "name": "_amount",
        "type": "uint256"
      },
      {
        "internalType": "uint256",
        "name": "_expedSummitLpAmount",
        "type": "uint256"
      }
    ],
    "name": "withdrawalTokenManagement",
    "outputs": [
      {
        "internalType": "uint256",
        "name": "",
        "type": "uint256"
      }
    ],
    "stateMutability": "nonpayable",
    "type": "function"
  }
]
