[
  {
    "inputs": [
      { "internalType": "contract IBoringERC20", "name": "_beam", "type": "address" },
      { "internalType": "uint256", "name": "_beamPerSec", "type": "uint256" },
      { "internalType": "address", "name": "_beamShareAddress", "type": "address" },
      { "internalType": "uint256", "name": "_beamSharePercent", "type": "uint256" },
      { "internalType": "address", "name": "_feeAddress", "type": "address" }
    ],
    "stateMutability": "nonpayable",
    "type": "constructor"
  },
  {
    "anonymous": false,
    "inputs": [
      { "indexed": true, "internalType": "uint256", "name": "pid", "type": "uint256" },
      { "indexed": false, "internalType": "uint256", "name": "allocPoint", "type": "uint256" },
      {
        "indexed": true,
        "internalType": "contract IBoringERC20",
        "name": "lpToken",
        "type": "address"
      },
      { "indexed": false, "internalType": "uint16", "name": "depositFeeBP", "type": "uint16" },
      { "indexed": false, "internalType": "uint256", "name": "harvestInterval", "type": "uint256" },
      {
        "indexed": true,
        "internalType": "contract IMultipleRewards[]",
        "name": "rewarders",
        "type": "address[]"
      }
    ],
    "name": "Add",
    "type": "event"
  },
  {
    "anonymous": false,
    "inputs": [
      { "indexed": true, "internalType": "address", "name": "caller", "type": "address" },
      { "indexed": false, "internalType": "uint256", "name": "previousAmount", "type": "uint256" },
      { "indexed": false, "internalType": "uint256", "name": "newAmount", "type": "uint256" }
    ],
    "name": "AllocPointsUpdated",
    "type": "event"
  },
  {
    "anonymous": false,
    "inputs": [
      { "indexed": true, "internalType": "address", "name": "user", "type": "address" },
      { "indexed": true, "internalType": "uint256", "name": "pid", "type": "uint256" },
      { "indexed": false, "internalType": "uint256", "name": "amount", "type": "uint256" }
    ],
    "name": "Deposit",
    "type": "event"
  },
  {
    "anonymous": false,
    "inputs": [
      { "indexed": true, "internalType": "address", "name": "user", "type": "address" },
      { "indexed": true, "internalType": "uint256", "name": "pid", "type": "uint256" },
      { "indexed": false, "internalType": "uint256", "name": "amount", "type": "uint256" }
    ],
    "name": "EmergencyWithdraw",
    "type": "event"
  },
  {
    "anonymous": false,
    "inputs": [
      { "indexed": true, "internalType": "address", "name": "caller", "type": "address" },
      { "indexed": false, "internalType": "uint256", "name": "previousValue", "type": "uint256" },
      { "indexed": false, "internalType": "uint256", "name": "newValue", "type": "uint256" }
    ],
    "name": "EmissionRateUpdated",
    "type": "event"
  },
  {
    "anonymous": false,
    "inputs": [
      { "indexed": true, "internalType": "address", "name": "previousOwner", "type": "address" },
      { "indexed": true, "internalType": "address", "name": "newOwner", "type": "address" }
    ],
    "name": "OwnershipTransferred",
    "type": "event"
  },
  {
    "anonymous": false,
    "inputs": [
      { "indexed": true, "internalType": "address", "name": "user", "type": "address" },
      { "indexed": true, "internalType": "uint256", "name": "pid", "type": "uint256" },
      { "indexed": false, "internalType": "uint256", "name": "amountLockedUp", "type": "uint256" }
    ],
    "name": "RewardLockedUp",
    "type": "event"
  },
  {
    "anonymous": false,
    "inputs": [
      { "indexed": true, "internalType": "uint256", "name": "pid", "type": "uint256" },
      { "indexed": false, "internalType": "uint256", "name": "allocPoint", "type": "uint256" },
      { "indexed": false, "internalType": "uint16", "name": "depositFeeBP", "type": "uint16" },
      { "indexed": false, "internalType": "uint256", "name": "harvestInterval", "type": "uint256" },
      {
        "indexed": true,
        "internalType": "contract IMultipleRewards[]",
        "name": "rewarders",
        "type": "address[]"
      }
    ],
    "name": "Set",
    "type": "event"
  },
  {
    "anonymous": false,
    "inputs": [
      { "indexed": true, "internalType": "address", "name": "oldAddress", "type": "address" },
      { "indexed": true, "internalType": "address", "name": "newAddress", "type": "address" }
    ],
    "name": "SetFeeAddress",
    "type": "event"
  },
  {
    "anonymous": false,
    "inputs": [
      { "indexed": true, "internalType": "address", "name": "oldAddress", "type": "address" },
      { "indexed": true, "internalType": "address", "name": "newAddress", "type": "address" }
    ],
    "name": "SetInvestorAddress",
    "type": "event"
  },
  {
    "anonymous": false,
    "inputs": [
      { "indexed": false, "internalType": "uint256", "name": "oldPercent", "type": "uint256" },
      { "indexed": false, "internalType": "uint256", "name": "newPercent", "type": "uint256" }
    ],
    "name": "SetInvestorPercent",
    "type": "event"
  },
  {
    "anonymous": false,
    "inputs": [
      { "indexed": false, "internalType": "uint256", "name": "oldPercent", "type": "uint256" },
      { "indexed": false, "internalType": "uint256", "name": "newPercent", "type": "uint256" }
    ],
    "name": "SetTreasuryPercent",
    "type": "event"
  },
  {
    "anonymous": false,
    "inputs": [
      { "indexed": true, "internalType": "address", "name": "oldAddress", "type": "address" },
      { "indexed": true, "internalType": "address", "name": "newAddress", "type": "address" }
    ],
    "name": "SetbeamShareAddress",
    "type": "event"
  },
  {
    "anonymous": false,
    "inputs": [
      { "indexed": false, "internalType": "uint256", "name": "oldPercent", "type": "uint256" },
      { "indexed": false, "internalType": "uint256", "name": "newPercent", "type": "uint256" }
    ],
    "name": "SetbeamSharePercent",
    "type": "event"
  },
  {
    "anonymous": false,
    "inputs": [
      { "indexed": true, "internalType": "uint256", "name": "pid", "type": "uint256" },
      {
        "indexed": false,
        "internalType": "uint256",
        "name": "lastRewardTimestamp",
        "type": "uint256"
      },
      { "indexed": false, "internalType": "uint256", "name": "lpSupply", "type": "uint256" },
      { "indexed": false, "internalType": "uint256", "name": "accBeamPerShare", "type": "uint256" }
    ],
    "name": "UpdatePool",
    "type": "event"
  },
  {
    "anonymous": false,
    "inputs": [
      { "indexed": true, "internalType": "address", "name": "user", "type": "address" },
      { "indexed": true, "internalType": "uint256", "name": "pid", "type": "uint256" },
      { "indexed": false, "internalType": "uint256", "name": "amount", "type": "uint256" }
    ],
    "name": "Withdraw",
    "type": "event"
  },
  {
    "inputs": [],
    "name": "MAXIMUM_DEPOSIT_FEE_RATE",
    "outputs": [{ "internalType": "uint16", "name": "", "type": "uint16" }],
    "stateMutability": "view",
    "type": "function"
  },
  {
    "inputs": [],
    "name": "MAXIMUM_HARVEST_INTERVAL",
    "outputs": [{ "internalType": "uint256", "name": "", "type": "uint256" }],
    "stateMutability": "view",
    "type": "function"
  },
  {
    "inputs": [
      { "internalType": "uint256", "name": "_allocPoint", "type": "uint256" },
      { "internalType": "contract IBoringERC20", "name": "_lpToken", "type": "address" },
      { "internalType": "uint16", "name": "_depositFeeBP", "type": "uint16" },
      { "internalType": "uint256", "name": "_harvestInterval", "type": "uint256" },
      { "internalType": "contract IMultipleRewards[]", "name": "_rewarders", "type": "address[]" }
    ],
    "name": "add",
    "outputs": [],
    "stateMutability": "nonpayable",
    "type": "function"
  },
  {
    "inputs": [],
    "name": "beam",
    "outputs": [{ "internalType": "contract IBoringERC20", "name": "", "type": "address" }],
    "stateMutability": "view",
    "type": "function"
  },
  {
    "inputs": [],
    "name": "beamPerSec",
    "outputs": [{ "internalType": "uint256", "name": "", "type": "uint256" }],
    "stateMutability": "view",
    "type": "function"
  },
  {
    "inputs": [],
    "name": "beamShareAddress",
    "outputs": [{ "internalType": "address", "name": "", "type": "address" }],
    "stateMutability": "view",
    "type": "function"
  },
  {
    "inputs": [],
    "name": "beamSharePercent",
    "outputs": [{ "internalType": "uint256", "name": "", "type": "uint256" }],
    "stateMutability": "view",
    "type": "function"
  },
  {
    "inputs": [
      { "internalType": "uint256", "name": "_pid", "type": "uint256" },
      { "internalType": "address", "name": "_user", "type": "address" }
    ],
    "name": "canHarvest",
    "outputs": [{ "internalType": "bool", "name": "", "type": "bool" }],
    "stateMutability": "view",
    "type": "function"
  },
  {
    "inputs": [
      { "internalType": "uint256", "name": "_pid", "type": "uint256" },
      { "internalType": "uint256", "name": "_amount", "type": "uint256" }
    ],
    "name": "deposit",
    "outputs": [],
    "stateMutability": "nonpayable",
    "type": "function"
  },
  {
    "inputs": [
      { "internalType": "uint256", "name": "pid", "type": "uint256" },
      { "internalType": "uint256", "name": "amount", "type": "uint256" },
      { "internalType": "uint256", "name": "deadline", "type": "uint256" },
      { "internalType": "uint8", "name": "v", "type": "uint8" },
      { "internalType": "bytes32", "name": "r", "type": "bytes32" },
      { "internalType": "bytes32", "name": "s", "type": "bytes32" }
    ],
    "name": "depositWithPermit",
    "outputs": [],
    "stateMutability": "nonpayable",
    "type": "function"
  },
  {
    "inputs": [{ "internalType": "uint256", "name": "_pid", "type": "uint256" }],
    "name": "emergencyWithdraw",
    "outputs": [],
    "stateMutability": "nonpayable",
    "type": "function"
  },
  {
    "inputs": [],
    "name": "feeAddress",
    "outputs": [{ "internalType": "address", "name": "", "type": "address" }],
    "stateMutability": "view",
    "type": "function"
  },
  {
    "inputs": [{ "internalType": "uint256[]", "name": "_pids", "type": "uint256[]" }],
    "name": "harvestMany",
    "outputs": [],
    "stateMutability": "nonpayable",
    "type": "function"
  },
  {
    "inputs": [],
    "name": "massUpdatePools",
    "outputs": [],
    "stateMutability": "nonpayable",
    "type": "function"
  },
  {
    "inputs": [],
    "name": "owner",
    "outputs": [{ "internalType": "address", "name": "", "type": "address" }],
    "stateMutability": "view",
    "type": "function"
  },
  {
    "inputs": [
      { "internalType": "uint256", "name": "_pid", "type": "uint256" },
      { "internalType": "address", "name": "_user", "type": "address" }
    ],
    "name": "pendingTokens",
    "outputs": [
      { "internalType": "address[]", "name": "addresses", "type": "address[]" },
      { "internalType": "string[]", "name": "symbols", "type": "string[]" },
      { "internalType": "uint256[]", "name": "decimals", "type": "uint256[]" },
      { "internalType": "uint256[]", "name": "amounts", "type": "uint256[]" }
    ],
    "stateMutability": "view",
    "type": "function"
  },
  {
    "inputs": [{ "internalType": "uint256", "name": "", "type": "uint256" }],
    "name": "poolInfo",
    "outputs": [
      { "internalType": "contract IBoringERC20", "name": "lpToken", "type": "address" },
      { "internalType": "uint256", "name": "allocPoint", "type": "uint256" },
      { "internalType": "uint256", "name": "lastRewardTimestamp", "type": "uint256" },
      { "internalType": "uint256", "name": "accBeamPerShare", "type": "uint256" },
      { "internalType": "uint16", "name": "depositFeeBP", "type": "uint16" },
      { "internalType": "uint256", "name": "harvestInterval", "type": "uint256" },
      { "internalType": "uint256", "name": "totalLp", "type": "uint256" }
    ],
    "stateMutability": "view",
    "type": "function"
  },
  {
    "inputs": [],
    "name": "poolLength",
    "outputs": [{ "internalType": "uint256", "name": "", "type": "uint256" }],
    "stateMutability": "view",
    "type": "function"
  },
  {
    "inputs": [{ "internalType": "uint256", "name": "_pid", "type": "uint256" }],
    "name": "poolRewarders",
    "outputs": [{ "internalType": "address[]", "name": "rewarders", "type": "address[]" }],
    "stateMutability": "view",
    "type": "function"
  },
  {
    "inputs": [{ "internalType": "uint256", "name": "_pid", "type": "uint256" }],
    "name": "poolRewardsPerSec",
    "outputs": [
      { "internalType": "address[]", "name": "addresses", "type": "address[]" },
      { "internalType": "string[]", "name": "symbols", "type": "string[]" },
      { "internalType": "uint256[]", "name": "decimals", "type": "uint256[]" },
      { "internalType": "uint256[]", "name": "rewardsPerSec", "type": "uint256[]" }
    ],
    "stateMutability": "view",
    "type": "function"
  },
  {
    "inputs": [{ "internalType": "uint256", "name": "pid", "type": "uint256" }],
    "name": "poolTotalLp",
    "outputs": [{ "internalType": "uint256", "name": "", "type": "uint256" }],
    "stateMutability": "view",
    "type": "function"
  },
  {
    "inputs": [],
    "name": "renounceOwnership",
    "outputs": [],
    "stateMutability": "nonpayable",
    "type": "function"
  },
  {
    "inputs": [
      { "internalType": "uint256", "name": "_pid", "type": "uint256" },
      { "internalType": "uint256", "name": "_allocPoint", "type": "uint256" },
      { "internalType": "uint16", "name": "_depositFeeBP", "type": "uint16" },
      { "internalType": "uint256", "name": "_harvestInterval", "type": "uint256" },
      { "internalType": "contract IMultipleRewards[]", "name": "_rewarders", "type": "address[]" }
    ],
    "name": "set",
    "outputs": [],
    "stateMutability": "nonpayable",
    "type": "function"
  },
  {
    "inputs": [{ "internalType": "address", "name": "_feeAddress", "type": "address" }],
    "name": "setFeeAddress",
    "outputs": [],
    "stateMutability": "nonpayable",
    "type": "function"
  },
  {
    "inputs": [{ "internalType": "address", "name": "_beamShareAddress", "type": "address" }],
    "name": "setbeamShareAddress",
    "outputs": [],
    "stateMutability": "nonpayable",
    "type": "function"
  },
  {
    "inputs": [{ "internalType": "uint256", "name": "_newbeamSharePercent", "type": "uint256" }],
    "name": "setbeamSharePercent",
    "outputs": [],
    "stateMutability": "nonpayable",
    "type": "function"
  },
  {
    "inputs": [],
    "name": "startFarming",
    "outputs": [],
    "stateMutability": "nonpayable",
    "type": "function"
  },
  {
    "inputs": [],
    "name": "startTimestamp",
    "outputs": [{ "internalType": "uint256", "name": "", "type": "uint256" }],
    "stateMutability": "view",
    "type": "function"
  },
  {
    "inputs": [],
    "name": "totalAllocPoint",
    "outputs": [{ "internalType": "uint256", "name": "", "type": "uint256" }],
    "stateMutability": "view",
    "type": "function"
  },
  {
    "inputs": [],
    "name": "totalBeamInPools",
    "outputs": [{ "internalType": "uint256", "name": "", "type": "uint256" }],
    "stateMutability": "view",
    "type": "function"
  },
  {
    "inputs": [],
    "name": "totalLockedUpRewards",
    "outputs": [{ "internalType": "uint256", "name": "", "type": "uint256" }],
    "stateMutability": "view",
    "type": "function"
  },
  {
    "inputs": [{ "internalType": "address", "name": "newOwner", "type": "address" }],
    "name": "transferOwnership",
    "outputs": [],
    "stateMutability": "nonpayable",
    "type": "function"
  },
  {
    "inputs": [
      { "internalType": "uint256", "name": "_pid", "type": "uint256" },
      { "internalType": "uint256", "name": "_allocPoint", "type": "uint256" }
    ],
    "name": "updateAllocPoint",
    "outputs": [],
    "stateMutability": "nonpayable",
    "type": "function"
  },
  {
    "inputs": [{ "internalType": "uint256", "name": "_beamPerSec", "type": "uint256" }],
    "name": "updateEmissionRate",
    "outputs": [],
    "stateMutability": "nonpayable",
    "type": "function"
  },
  {
    "inputs": [{ "internalType": "uint256", "name": "_pid", "type": "uint256" }],
    "name": "updatePool",
    "outputs": [],
    "stateMutability": "nonpayable",
    "type": "function"
  },
  {
    "inputs": [
      { "internalType": "uint256", "name": "", "type": "uint256" },
      { "internalType": "address", "name": "", "type": "address" }
    ],
    "name": "userInfo",
    "outputs": [
      { "internalType": "uint256", "name": "amount", "type": "uint256" },
      { "internalType": "uint256", "name": "rewardDebt", "type": "uint256" },
      { "internalType": "uint256", "name": "rewardLockedUp", "type": "uint256" },
      { "internalType": "uint256", "name": "nextHarvestUntil", "type": "uint256" }
    ],
    "stateMutability": "view",
    "type": "function"
  },
  {
    "inputs": [
      { "internalType": "uint256", "name": "_pid", "type": "uint256" },
      { "internalType": "uint256", "name": "_amount", "type": "uint256" }
    ],
    "name": "withdraw",
    "outputs": [],
    "stateMutability": "nonpayable",
    "type": "function"
  }
]
