[
  {
    "inputs": [
      {
        "internalType": "address",
        "name": "_controller",
        "type": "address"
      }
    ],
    "stateMutability": "nonpayable",
    "type": "constructor"
  },
  {
    "anonymous": false,
    "inputs": [
      {
        "indexed": true,
        "internalType": "address",
        "name": "previousOwner",
        "type": "address"
      },
      {
        "indexed": true,
        "internalType": "address",
        "name": "newOwner",
        "type": "address"
      }
    ],
    "name": "OwnershipTransferred",
    "type": "event"
  },
  {
    "anonymous": false,
    "inputs": [],
    "name": "PoolWeightsUpdated",
    "type": "event"
  },
  {
    "anonymous": false,
    "inputs": [
      {
        "indexed": true,
        "internalType": "address",
        "name": "pool",
        "type": "address"
      },
      {
        "indexed": true,
        "internalType": "address",
        "name": "handler",
        "type": "address"
      }
    ],
    "name": "RebalancingRewardHandlerAdded",
    "type": "event"
  },
  {
    "anonymous": false,
    "inputs": [
      {
        "indexed": true,
        "internalType": "address",
        "name": "pool",
        "type": "address"
      },
      {
        "indexed": true,
        "internalType": "address",
        "name": "handler",
        "type": "address"
      }
    ],
    "name": "RebalancingRewardHandlerRemoved",
    "type": "event"
  },
  {
    "anonymous": false,
    "inputs": [
      {
        "indexed": true,
        "internalType": "address",
        "name": "pool",
        "type": "address"
      },
      {
        "indexed": false,
        "internalType": "uint256",
        "name": "cncAmount",
        "type": "uint256"
      }
    ],
    "name": "TokensClaimed",
    "type": "event"
  },
  {
    "inputs": [],
    "name": "CNC",
    "outputs": [
      {
        "internalType": "contract ICNCToken",
        "name": "",
        "type": "address"
      }
    ],
    "stateMutability": "view",
    "type": "function"
  },
  {
    "inputs": [
      {
        "internalType": "address",
        "name": "poolAddress",
        "type": "address"
      },
      {
        "internalType": "address",
        "name": "rebalancingRewardHandler",
        "type": "address"
      }
    ],
    "name": "addPoolRebalancingRewardHandler",
    "outputs": [],
    "stateMutability": "nonpayable",
    "type": "function"
  },
  {
    "inputs": [
      {
        "internalType": "address",
        "name": "pool",
        "type": "address"
      }
    ],
    "name": "computePoolWeight",
    "outputs": [
      {
        "internalType": "uint256",
        "name": "poolWeight",
        "type": "uint256"
      },
      {
        "internalType": "uint256",
        "name": "totalUSDValue",
        "type": "uint256"
      }
    ],
    "stateMutability": "view",
    "type": "function"
  },
  {
    "inputs": [],
    "name": "computePoolWeights",
    "outputs": [
      {
        "internalType": "address[]",
        "name": "pools",
        "type": "address[]"
      },
      {
        "internalType": "uint256[]",
        "name": "poolWeights",
        "type": "uint256[]"
      },
      {
        "internalType": "uint256",
        "name": "totalUSDValue",
        "type": "uint256"
      }
    ],
    "stateMutability": "view",
    "type": "function"
  },
  {
    "inputs": [],
    "name": "controller",
    "outputs": [
      {
        "internalType": "contract IController",
        "name": "",
        "type": "address"
      }
    ],
    "stateMutability": "view",
    "type": "function"
  },
  {
    "inputs": [],
    "name": "currentInflationRate",
    "outputs": [
      {
        "internalType": "uint256",
        "name": "",
        "type": "uint256"
      }
    ],
    "stateMutability": "view",
    "type": "function"
  },
  {
    "inputs": [
      {
        "internalType": "address",
        "name": "",
        "type": "address"
      }
    ],
    "name": "currentPoolWeights",
    "outputs": [
      {
        "internalType": "uint256",
        "name": "",
        "type": "uint256"
      }
    ],
    "stateMutability": "view",
    "type": "function"
  },
  {
    "inputs": [],
    "name": "executeInflationRateUpdate",
    "outputs": [],
    "stateMutability": "nonpayable",
    "type": "function"
  },
  {
    "inputs": [
      {
        "internalType": "address",
        "name": "pool",
        "type": "address"
      }
    ],
    "name": "getCurrentPoolInflationRate",
    "outputs": [
      {
        "internalType": "uint256",
        "name": "",
        "type": "uint256"
      }
    ],
    "stateMutability": "view",
    "type": "function"
  },
  {
    "inputs": [
      {
        "internalType": "address",
        "name": "account",
        "type": "address"
      },
      {
        "internalType": "uint256",
        "name": "deviationBefore",
        "type": "uint256"
      },
      {
        "internalType": "uint256",
        "name": "deviationAfter",
        "type": "uint256"
      }
    ],
    "name": "handleRebalancingRewards",
    "outputs": [],
    "stateMutability": "nonpayable",
    "type": "function"
  },
  {
    "inputs": [
      {
        "internalType": "address",
        "name": "poolAddress",
        "type": "address"
      },
      {
        "internalType": "address",
        "name": "handler",
        "type": "address"
      }
    ],
    "name": "hasPoolRebalancingRewardHandlers",
    "outputs": [
      {
        "internalType": "bool",
        "name": "",
        "type": "bool"
      }
    ],
    "stateMutability": "view",
    "type": "function"
  },
  {
    "inputs": [],
    "name": "lastInflationRateDecay",
    "outputs": [
      {
        "internalType": "uint256",
        "name": "",
        "type": "uint256"
      }
    ],
    "stateMutability": "view",
    "type": "function"
  },
  {
    "inputs": [],
    "name": "lastUpdate",
    "outputs": [
      {
        "internalType": "uint256",
        "name": "",
        "type": "uint256"
      }
    ],
    "stateMutability": "view",
    "type": "function"
  },
  {
    "inputs": [],
    "name": "owner",
    "outputs": [
      {
        "internalType": "address",
        "name": "",
        "type": "address"
      }
    ],
    "stateMutability": "view",
    "type": "function"
  },
  {
    "inputs": [
      {
        "internalType": "address",
        "name": "poolAddress",
        "type": "address"
      }
    ],
    "name": "rebalancingRewardHandlers",
    "outputs": [
      {
        "internalType": "address[]",
        "name": "",
        "type": "address[]"
      }
    ],
    "stateMutability": "view",
    "type": "function"
  },
  {
    "inputs": [
      {
        "internalType": "address",
        "name": "poolAddress",
        "type": "address"
      },
      {
        "internalType": "address",
        "name": "rebalancingRewardHandler",
        "type": "address"
      }
    ],
    "name": "removePoolRebalancingRewardHandler",
    "outputs": [],
    "stateMutability": "nonpayable",
    "type": "function"
  },
  {
    "inputs": [],
    "name": "renounceOwnership",
    "outputs": [],
    "stateMutability": "nonpayable",
    "type": "function"
  },
  {
    "inputs": [],
    "name": "totalLpInflationMinted",
    "outputs": [
      {
        "internalType": "uint256",
        "name": "",
        "type": "uint256"
      }
    ],
    "stateMutability": "view",
    "type": "function"
  },
  {
    "inputs": [
      {
        "internalType": "address",
        "name": "newOwner",
        "type": "address"
      }
    ],
    "name": "transferOwnership",
    "outputs": [],
    "stateMutability": "nonpayable",
    "type": "function"
  },
  {
    "inputs": [],
    "name": "updatePoolWeights",
    "outputs": [],
    "stateMutability": "nonpayable",
    "type": "function"
  }
]
