[
  {
    "inputs": [],
    "payable": false,
    "stateMutability": "nonpayable",
    "type": "constructor"
  },
  {
    "anonymous": false,
    "inputs": [
      {
        "indexed": false,
        "internalType": "string",
        "name": "action",
        "type": "string"
      },
      {
        "indexed": false,
        "internalType": "bool",
        "name": "pauseState",
        "type": "bool"
      }
    ],
    "name": "ActionPaused",
    "type": "event"
  },
  {
    "anonymous": false,
    "inputs": [
      {
        "indexed": false,
        "internalType": "contract FToken",
        "name": "fToken",
        "type": "address"
      },
      {
        "indexed": false,
        "internalType": "string",
        "name": "action",
        "type": "string"
      },
      {
        "indexed": false,
        "internalType": "bool",
        "name": "pauseState",
        "type": "bool"
      }
    ],
    "name": "ActionPaused",
    "type": "event"
  },
  {
    "anonymous": false,
    "inputs": [
      {
        "indexed": false,
        "internalType": "bool",
        "name": "state",
        "type": "bool"
      }
    ],
    "name": "ActionProtocolPaused",
    "type": "event"
  },
  {
    "anonymous": false,
    "inputs": [
      {
        "indexed": true,
        "internalType": "contract FToken",
        "name": "fToken",
        "type": "address"
      },
      {
        "indexed": true,
        "internalType": "address",
        "name": "borrower",
        "type": "address"
      },
      {
        "indexed": false,
        "internalType": "uint256",
        "name": "fortressDelta",
        "type": "uint256"
      },
      {
        "indexed": false,
        "internalType": "uint256",
        "name": "fortressBorrowIndex",
        "type": "uint256"
      }
    ],
    "name": "DistributedBorrowerFortress",
    "type": "event"
  },
  {
    "anonymous": false,
    "inputs": [
      {
        "indexed": true,
        "internalType": "address",
        "name": "faiMinter",
        "type": "address"
      },
      {
        "indexed": false,
        "internalType": "uint256",
        "name": "fortressDelta",
        "type": "uint256"
      },
      {
        "indexed": false,
        "internalType": "uint256",
        "name": "fortressFAIMintIndex",
        "type": "uint256"
      }
    ],
    "name": "DistributedFAIMinterFortress",
    "type": "event"
  },
  {
    "anonymous": false,
    "inputs": [
      {
        "indexed": false,
        "internalType": "uint256",
        "name": "amount",
        "type": "uint256"
      }
    ],
    "name": "DistributedFAIVaultFortress",
    "type": "event"
  },
  {
    "anonymous": false,
    "inputs": [
      {
        "indexed": true,
        "internalType": "contract FToken",
        "name": "fToken",
        "type": "address"
      },
      {
        "indexed": true,
        "internalType": "address",
        "name": "supplier",
        "type": "address"
      },
      {
        "indexed": false,
        "internalType": "uint256",
        "name": "fortressDelta",
        "type": "uint256"
      },
      {
        "indexed": false,
        "internalType": "uint256",
        "name": "fortressSupplyIndex",
        "type": "uint256"
      }
    ],
    "name": "DistributedSupplierFortress",
    "type": "event"
  },
  {
    "anonymous": false,
    "inputs": [
      {
        "indexed": false,
        "internalType": "uint256",
        "name": "error",
        "type": "uint256"
      },
      {
        "indexed": false,
        "internalType": "uint256",
        "name": "info",
        "type": "uint256"
      },
      {
        "indexed": false,
        "internalType": "uint256",
        "name": "detail",
        "type": "uint256"
      }
    ],
    "name": "Failure",
    "type": "event"
  },
  {
    "anonymous": false,
    "inputs": [
      {
        "indexed": true,
        "internalType": "contract FToken",
        "name": "fToken",
        "type": "address"
      },
      {
        "indexed": false,
        "internalType": "uint256",
        "name": "newSpeed",
        "type": "uint256"
      }
    ],
    "name": "FortressSpeedUpdated",
    "type": "event"
  },
  {
    "anonymous": false,
    "inputs": [
      {
        "indexed": false,
        "internalType": "contract FToken",
        "name": "fToken",
        "type": "address"
      },
      {
        "indexed": false,
        "internalType": "address",
        "name": "account",
        "type": "address"
      }
    ],
    "name": "MarketEntered",
    "type": "event"
  },
  {
    "anonymous": false,
    "inputs": [
      {
        "indexed": false,
        "internalType": "contract FToken",
        "name": "fToken",
        "type": "address"
      },
      {
        "indexed": false,
        "internalType": "address",
        "name": "account",
        "type": "address"
      }
    ],
    "name": "MarketExited",
    "type": "event"
  },
  {
    "anonymous": false,
    "inputs": [
      {
        "indexed": false,
        "internalType": "contract FToken",
        "name": "fToken",
        "type": "address"
      },
      {
        "indexed": false,
        "internalType": "bool",
        "name": "isFortress",
        "type": "bool"
      }
    ],
    "name": "MarketFortress",
    "type": "event"
  },
  {
    "anonymous": false,
    "inputs": [
      {
        "indexed": false,
        "internalType": "contract FToken",
        "name": "fToken",
        "type": "address"
      }
    ],
    "name": "MarketListed",
    "type": "event"
  },
  {
    "anonymous": false,
    "inputs": [
      {
        "indexed": false,
        "internalType": "uint256",
        "name": "oldCloseFactorMantissa",
        "type": "uint256"
      },
      {
        "indexed": false,
        "internalType": "uint256",
        "name": "newCloseFactorMantissa",
        "type": "uint256"
      }
    ],
    "name": "NewCloseFactor",
    "type": "event"
  },
  {
    "anonymous": false,
    "inputs": [
      {
        "indexed": false,
        "internalType": "contract FToken",
        "name": "fToken",
        "type": "address"
      },
      {
        "indexed": false,
        "internalType": "uint256",
        "name": "oldCollateralFactorMantissa",
        "type": "uint256"
      },
      {
        "indexed": false,
        "internalType": "uint256",
        "name": "newCollateralFactorMantissa",
        "type": "uint256"
      }
    ],
    "name": "NewCollateralFactor",
    "type": "event"
  },
  {
    "anonymous": false,
    "inputs": [
      {
        "indexed": false,
        "internalType": "contract FAIControllerInterface",
        "name": "oldFAIController",
        "type": "address"
      },
      {
        "indexed": false,
        "internalType": "contract FAIControllerInterface",
        "name": "newFAIController",
        "type": "address"
      }
    ],
    "name": "NewFAIController",
    "type": "event"
  },
  {
    "anonymous": false,
    "inputs": [
      {
        "indexed": false,
        "internalType": "uint256",
        "name": "oldFAIMintRate",
        "type": "uint256"
      },
      {
        "indexed": false,
        "internalType": "uint256",
        "name": "newFAIMintRate",
        "type": "uint256"
      }
    ],
    "name": "NewFAIMintRate",
    "type": "event"
  },
  {
    "anonymous": false,
    "inputs": [
      {
        "indexed": false,
        "internalType": "address",
        "name": "vault_",
        "type": "address"
      },
      {
        "indexed": false,
        "internalType": "uint256",
        "name": "releaseStartBlock_",
        "type": "uint256"
      },
      {
        "indexed": false,
        "internalType": "uint256",
        "name": "releaseInterval_",
        "type": "uint256"
      }
    ],
    "name": "NewFAIVaultInfo",
    "type": "event"
  },
  {
    "anonymous": false,
    "inputs": [
      {
        "indexed": false,
        "internalType": "uint256",
        "name": "oldFortressFAIRate",
        "type": "uint256"
      },
      {
        "indexed": false,
        "internalType": "uint256",
        "name": "newFortressFAIRate",
        "type": "uint256"
      }
    ],
    "name": "NewFortressFAIRate",
    "type": "event"
  },
  {
    "anonymous": false,
    "inputs": [
      {
        "indexed": false,
        "internalType": "uint256",
        "name": "oldFortressFAIVaultRate",
        "type": "uint256"
      },
      {
        "indexed": false,
        "internalType": "uint256",
        "name": "newFortressFAIVaultRate",
        "type": "uint256"
      }
    ],
    "name": "NewFortressFAIVaultRate",
    "type": "event"
  },
  {
    "anonymous": false,
    "inputs": [
      {
        "indexed": false,
        "internalType": "uint256",
        "name": "oldFortressRate",
        "type": "uint256"
      },
      {
        "indexed": false,
        "internalType": "uint256",
        "name": "newFortressRate",
        "type": "uint256"
      }
    ],
    "name": "NewFortressRate",
    "type": "event"
  },
  {
    "anonymous": false,
    "inputs": [
      {
        "indexed": false,
        "internalType": "uint256",
        "name": "oldLiquidationIncentiveMantissa",
        "type": "uint256"
      },
      {
        "indexed": false,
        "internalType": "uint256",
        "name": "newLiquidationIncentiveMantissa",
        "type": "uint256"
      }
    ],
    "name": "NewLiquidationIncentive",
    "type": "event"
  },
  {
    "anonymous": false,
    "inputs": [
      {
        "indexed": false,
        "internalType": "uint256",
        "name": "oldMaxAssets",
        "type": "uint256"
      },
      {
        "indexed": false,
        "internalType": "uint256",
        "name": "newMaxAssets",
        "type": "uint256"
      }
    ],
    "name": "NewMaxAssets",
    "type": "event"
  },
  {
    "anonymous": false,
    "inputs": [
      {
        "indexed": false,
        "internalType": "address",
        "name": "oldPauseGuardian",
        "type": "address"
      },
      {
        "indexed": false,
        "internalType": "address",
        "name": "newPauseGuardian",
        "type": "address"
      }
    ],
    "name": "NewPauseGuardian",
    "type": "event"
  },
  {
    "anonymous": false,
    "inputs": [
      {
        "indexed": false,
        "internalType": "contract PriceOracle",
        "name": "oldPriceOracle",
        "type": "address"
      },
      {
        "indexed": false,
        "internalType": "contract PriceOracle",
        "name": "newPriceOracle",
        "type": "address"
      }
    ],
    "name": "NewPriceOracle",
    "type": "event"
  },
  {
    "constant": false,
    "inputs": [
      {
        "internalType": "address[]",
        "name": "fTokens",
        "type": "address[]"
      }
    ],
    "name": "_addFortressMarkets",
    "outputs": [],
    "payable": false,
    "stateMutability": "nonpayable",
    "type": "function"
  },
  {
    "constant": false,
    "inputs": [
      {
        "internalType": "contract Unitroller",
        "name": "unitroller",
        "type": "address"
      }
    ],
    "name": "_become",
    "outputs": [],
    "payable": false,
    "stateMutability": "nonpayable",
    "type": "function"
  },
  {
    "constant": true,
    "inputs": [],
    "name": "_borrowGuardianPaused",
    "outputs": [
      {
        "internalType": "bool",
        "name": "",
        "type": "bool"
      }
    ],
    "payable": false,
    "stateMutability": "view",
    "type": "function"
  },
  {
    "constant": false,
    "inputs": [
      {
        "internalType": "address",
        "name": "fToken",
        "type": "address"
      }
    ],
    "name": "_dropFortressMarket",
    "outputs": [],
    "payable": false,
    "stateMutability": "nonpayable",
    "type": "function"
  },
  {
    "constant": true,
    "inputs": [],
    "name": "_mintGuardianPaused",
    "outputs": [
      {
        "internalType": "bool",
        "name": "",
        "type": "bool"
      }
    ],
    "payable": false,
    "stateMutability": "view",
    "type": "function"
  },
  {
    "constant": false,
    "inputs": [
      {
        "internalType": "uint256",
        "name": "newCloseFactorMantissa",
        "type": "uint256"
      }
    ],
    "name": "_setCloseFactor",
    "outputs": [
      {
        "internalType": "uint256",
        "name": "",
        "type": "uint256"
      }
    ],
    "payable": false,
    "stateMutability": "nonpayable",
    "type": "function"
  },
  {
    "constant": false,
    "inputs": [
      {
        "internalType": "contract FToken",
        "name": "fToken",
        "type": "address"
      },
      {
        "internalType": "uint256",
        "name": "newCollateralFactorMantissa",
        "type": "uint256"
      }
    ],
    "name": "_setCollateralFactor",
    "outputs": [
      {
        "internalType": "uint256",
        "name": "",
        "type": "uint256"
      }
    ],
    "payable": false,
    "stateMutability": "nonpayable",
    "type": "function"
  },
  {
    "constant": false,
    "inputs": [
      {
        "internalType": "contract FAIControllerInterface",
        "name": "faiController_",
        "type": "address"
      }
    ],
    "name": "_setFAIController",
    "outputs": [
      {
        "internalType": "uint256",
        "name": "",
        "type": "uint256"
      }
    ],
    "payable": false,
    "stateMutability": "nonpayable",
    "type": "function"
  },
  {
    "constant": false,
    "inputs": [
      {
        "internalType": "uint256",
        "name": "newFAIMintRate",
        "type": "uint256"
      }
    ],
    "name": "_setFAIMintRate",
    "outputs": [
      {
        "internalType": "uint256",
        "name": "",
        "type": "uint256"
      }
    ],
    "payable": false,
    "stateMutability": "nonpayable",
    "type": "function"
  },
  {
    "constant": false,
    "inputs": [
      {
        "internalType": "address",
        "name": "vault_",
        "type": "address"
      },
      {
        "internalType": "uint256",
        "name": "releaseStartBlock_",
        "type": "uint256"
      },
      {
        "internalType": "uint256",
        "name": "minReleaseAmount_",
        "type": "uint256"
      }
    ],
    "name": "_setFAIVaultInfo",
    "outputs": [],
    "payable": false,
    "stateMutability": "nonpayable",
    "type": "function"
  },
  {
    "constant": false,
    "inputs": [
      {
        "internalType": "uint256",
        "name": "fortressFAIRate_",
        "type": "uint256"
      }
    ],
    "name": "_setFortressFAIRate",
    "outputs": [],
    "payable": false,
    "stateMutability": "nonpayable",
    "type": "function"
  },
  {
    "constant": false,
    "inputs": [
      {
        "internalType": "uint256",
        "name": "fortressFAIVaultRate_",
        "type": "uint256"
      }
    ],
    "name": "_setFortressFAIVaultRate",
    "outputs": [],
    "payable": false,
    "stateMutability": "nonpayable",
    "type": "function"
  },
  {
    "constant": false,
    "inputs": [
      {
        "internalType": "uint256",
        "name": "fortressRate_",
        "type": "uint256"
      }
    ],
    "name": "_setFortressRate",
    "outputs": [],
    "payable": false,
    "stateMutability": "nonpayable",
    "type": "function"
  },
  {
    "constant": false,
    "inputs": [
      {
        "internalType": "uint256",
        "name": "newLiquidationIncentiveMantissa",
        "type": "uint256"
      }
    ],
    "name": "_setLiquidationIncentive",
    "outputs": [
      {
        "internalType": "uint256",
        "name": "",
        "type": "uint256"
      }
    ],
    "payable": false,
    "stateMutability": "nonpayable",
    "type": "function"
  },
  {
    "constant": false,
    "inputs": [
      {
        "internalType": "uint256",
        "name": "newMaxAssets",
        "type": "uint256"
      }
    ],
    "name": "_setMaxAssets",
    "outputs": [
      {
        "internalType": "uint256",
        "name": "",
        "type": "uint256"
      }
    ],
    "payable": false,
    "stateMutability": "nonpayable",
    "type": "function"
  },
  {
    "constant": false,
    "inputs": [
      {
        "internalType": "contract PriceOracle",
        "name": "newOracle",
        "type": "address"
      }
    ],
    "name": "_setPriceOracle",
    "outputs": [
      {
        "internalType": "uint256",
        "name": "",
        "type": "uint256"
      }
    ],
    "payable": false,
    "stateMutability": "nonpayable",
    "type": "function"
  },
  {
    "constant": false,
    "inputs": [
      {
        "internalType": "bool",
        "name": "state",
        "type": "bool"
      }
    ],
    "name": "_setProtocolPaused",
    "outputs": [
      {
        "internalType": "bool",
        "name": "",
        "type": "bool"
      }
    ],
    "payable": false,
    "stateMutability": "nonpayable",
    "type": "function"
  },
  {
    "constant": false,
    "inputs": [
      {
        "internalType": "address payable",
        "name": "newTreasuryGuardian",
        "type": "address"
      },
      {
        "internalType": "address payable",
        "name": "newTreasuryAddress",
        "type": "address"
      }
    ],
    "name": "_setTreasuryData",
    "outputs": [
      {
        "internalType": "uint256",
        "name": "",
        "type": "uint256"
      }
    ],
    "payable": false,
    "stateMutability": "nonpayable",
    "type": "function"
  },
  {
    "constant": false,
    "inputs": [
      {
        "internalType": "contract FToken",
        "name": "fToken",
        "type": "address"
      }
    ],
    "name": "_supportMarket",
    "outputs": [
      {
        "internalType": "uint256",
        "name": "",
        "type": "uint256"
      }
    ],
    "payable": false,
    "stateMutability": "nonpayable",
    "type": "function"
  },
  {
    "constant": true,
    "inputs": [
      {
        "internalType": "address",
        "name": "",
        "type": "address"
      },
      {
        "internalType": "uint256",
        "name": "",
        "type": "uint256"
      }
    ],
    "name": "accountAssets",
    "outputs": [
      {
        "internalType": "contract FToken",
        "name": "",
        "type": "address"
      }
    ],
    "payable": false,
    "stateMutability": "view",
    "type": "function"
  },
  {
    "constant": true,
    "inputs": [],
    "name": "admin",
    "outputs": [
      {
        "internalType": "address",
        "name": "",
        "type": "address"
      }
    ],
    "payable": false,
    "stateMutability": "view",
    "type": "function"
  },
  {
    "constant": true,
    "inputs": [
      {
        "internalType": "uint256",
        "name": "",
        "type": "uint256"
      }
    ],
    "name": "allMarkets",
    "outputs": [
      {
        "internalType": "contract FToken",
        "name": "",
        "type": "address"
      }
    ],
    "payable": false,
    "stateMutability": "view",
    "type": "function"
  },
  {
    "constant": false,
    "inputs": [
      {
        "internalType": "address",
        "name": "fToken",
        "type": "address"
      },
      {
        "internalType": "address",
        "name": "borrower",
        "type": "address"
      },
      {
        "internalType": "uint256",
        "name": "borrowAmount",
        "type": "uint256"
      }
    ],
    "name": "borrowAllowed",
    "outputs": [
      {
        "internalType": "uint256",
        "name": "",
        "type": "uint256"
      }
    ],
    "payable": false,
    "stateMutability": "nonpayable",
    "type": "function"
  },
  {
    "constant": true,
    "inputs": [
      {
        "internalType": "address",
        "name": "",
        "type": "address"
      }
    ],
    "name": "borrowGuardianPaused",
    "outputs": [
      {
        "internalType": "bool",
        "name": "",
        "type": "bool"
      }
    ],
    "payable": false,
    "stateMutability": "view",
    "type": "function"
  },
  {
    "constant": false,
    "inputs": [
      {
        "internalType": "address",
        "name": "fToken",
        "type": "address"
      },
      {
        "internalType": "address",
        "name": "borrower",
        "type": "address"
      },
      {
        "internalType": "uint256",
        "name": "borrowAmount",
        "type": "uint256"
      }
    ],
    "name": "borrowVerify",
    "outputs": [],
    "payable": false,
    "stateMutability": "nonpayable",
    "type": "function"
  },
  {
    "constant": true,
    "inputs": [
      {
        "internalType": "address",
        "name": "account",
        "type": "address"
      },
      {
        "internalType": "contract FToken",
        "name": "fToken",
        "type": "address"
      }
    ],
    "name": "checkMembership",
    "outputs": [
      {
        "internalType": "bool",
        "name": "",
        "type": "bool"
      }
    ],
    "payable": false,
    "stateMutability": "view",
    "type": "function"
  },
  {
    "constant": false,
    "inputs": [
      {
        "internalType": "address",
        "name": "holder",
        "type": "address"
      },
      {
        "internalType": "contract FToken[]",
        "name": "fTokens",
        "type": "address[]"
      }
    ],
    "name": "claimFortress",
    "outputs": [],
    "payable": false,
    "stateMutability": "nonpayable",
    "type": "function"
  },
  {
    "constant": false,
    "inputs": [
      {
        "internalType": "address",
        "name": "holder",
        "type": "address"
      }
    ],
    "name": "claimFortress",
    "outputs": [],
    "payable": false,
    "stateMutability": "nonpayable",
    "type": "function"
  },
  {
    "constant": false,
    "inputs": [
      {
        "internalType": "address[]",
        "name": "holders",
        "type": "address[]"
      },
      {
        "internalType": "contract FToken[]",
        "name": "fTokens",
        "type": "address[]"
      },
      {
        "internalType": "bool",
        "name": "borrowers",
        "type": "bool"
      },
      {
        "internalType": "bool",
        "name": "suppliers",
        "type": "bool"
      }
    ],
    "name": "claimFortress",
    "outputs": [],
    "payable": false,
    "stateMutability": "nonpayable",
    "type": "function"
  },
  {
    "constant": true,
    "inputs": [],
    "name": "closeFactorMantissa",
    "outputs": [
      {
        "internalType": "uint256",
        "name": "",
        "type": "uint256"
      }
    ],
    "payable": false,
    "stateMutability": "view",
    "type": "function"
  },
  {
    "constant": true,
    "inputs": [],
    "name": "comptrollerImplementation",
    "outputs": [
      {
        "internalType": "address",
        "name": "",
        "type": "address"
      }
    ],
    "payable": false,
    "stateMutability": "view",
    "type": "function"
  },
  {
    "constant": false,
    "inputs": [
      {
        "internalType": "address",
        "name": "faiMinter",
        "type": "address"
      },
      {
        "internalType": "bool",
        "name": "distributeAll",
        "type": "bool"
      }
    ],
    "name": "distributeFAIMinterFortress",
    "outputs": [],
    "payable": false,
    "stateMutability": "nonpayable",
    "type": "function"
  },
  {
    "constant": false,
    "inputs": [
      {
        "internalType": "address[]",
        "name": "fTokens",
        "type": "address[]"
      }
    ],
    "name": "enterMarkets",
    "outputs": [
      {
        "internalType": "uint256[]",
        "name": "",
        "type": "uint256[]"
      }
    ],
    "payable": false,
    "stateMutability": "nonpayable",
    "type": "function"
  },
  {
    "constant": false,
    "inputs": [
      {
        "internalType": "address",
        "name": "fTokenAddress",
        "type": "address"
      }
    ],
    "name": "exitMarket",
    "outputs": [
      {
        "internalType": "uint256",
        "name": "",
        "type": "uint256"
      }
    ],
    "payable": false,
    "stateMutability": "nonpayable",
    "type": "function"
  },
  {
    "constant": true,
    "inputs": [],
    "name": "faiController",
    "outputs": [
      {
        "internalType": "contract FAIControllerInterface",
        "name": "",
        "type": "address"
      }
    ],
    "payable": false,
    "stateMutability": "view",
    "type": "function"
  },
  {
    "constant": true,
    "inputs": [],
    "name": "faiMintRate",
    "outputs": [
      {
        "internalType": "uint256",
        "name": "",
        "type": "uint256"
      }
    ],
    "payable": false,
    "stateMutability": "view",
    "type": "function"
  },
  {
    "constant": true,
    "inputs": [],
    "name": "faiVaultAddress",
    "outputs": [
      {
        "internalType": "address",
        "name": "",
        "type": "address"
      }
    ],
    "payable": false,
    "stateMutability": "view",
    "type": "function"
  },
  {
    "constant": true,
    "inputs": [
      {
        "internalType": "address",
        "name": "",
        "type": "address"
      }
    ],
    "name": "fortressAccrued",
    "outputs": [
      {
        "internalType": "uint256",
        "name": "",
        "type": "uint256"
      }
    ],
    "payable": false,
    "stateMutability": "view",
    "type": "function"
  },
  {
    "constant": true,
    "inputs": [
      {
        "internalType": "address",
        "name": "",
        "type": "address"
      }
    ],
    "name": "fortressBorrowState",
    "outputs": [
      {
        "internalType": "uint224",
        "name": "index",
        "type": "uint224"
      },
      {
        "internalType": "uint32",
        "name": "block",
        "type": "uint32"
      }
    ],
    "payable": false,
    "stateMutability": "view",
    "type": "function"
  },
  {
    "constant": true,
    "inputs": [
      {
        "internalType": "address",
        "name": "",
        "type": "address"
      },
      {
        "internalType": "address",
        "name": "",
        "type": "address"
      }
    ],
    "name": "fortressBorrowerIndex",
    "outputs": [
      {
        "internalType": "uint256",
        "name": "",
        "type": "uint256"
      }
    ],
    "payable": false,
    "stateMutability": "view",
    "type": "function"
  },
  {
    "constant": true,
    "inputs": [],
    "name": "fortressClaimThreshold",
    "outputs": [
      {
        "internalType": "uint256",
        "name": "",
        "type": "uint256"
      }
    ],
    "payable": false,
    "stateMutability": "view",
    "type": "function"
  },
  {
    "constant": true,
    "inputs": [],
    "name": "fortressFAIRate",
    "outputs": [
      {
        "internalType": "uint256",
        "name": "",
        "type": "uint256"
      }
    ],
    "payable": false,
    "stateMutability": "view",
    "type": "function"
  },
  {
    "constant": true,
    "inputs": [],
    "name": "fortressFAIVaultRate",
    "outputs": [
      {
        "internalType": "uint256",
        "name": "",
        "type": "uint256"
      }
    ],
    "payable": false,
    "stateMutability": "view",
    "type": "function"
  },
  {
    "constant": true,
    "inputs": [],
    "name": "fortressInitialIndex",
    "outputs": [
      {
        "internalType": "uint224",
        "name": "",
        "type": "uint224"
      }
    ],
    "payable": false,
    "stateMutability": "view",
    "type": "function"
  },
  {
    "constant": true,
    "inputs": [],
    "name": "fortressRate",
    "outputs": [
      {
        "internalType": "uint256",
        "name": "",
        "type": "uint256"
      }
    ],
    "payable": false,
    "stateMutability": "view",
    "type": "function"
  },
  {
    "constant": true,
    "inputs": [
      {
        "internalType": "address",
        "name": "",
        "type": "address"
      }
    ],
    "name": "fortressSpeeds",
    "outputs": [
      {
        "internalType": "uint256",
        "name": "",
        "type": "uint256"
      }
    ],
    "payable": false,
    "stateMutability": "view",
    "type": "function"
  },
  {
    "constant": true,
    "inputs": [
      {
        "internalType": "address",
        "name": "",
        "type": "address"
      },
      {
        "internalType": "address",
        "name": "",
        "type": "address"
      }
    ],
    "name": "fortressSupplierIndex",
    "outputs": [
      {
        "internalType": "uint256",
        "name": "",
        "type": "uint256"
      }
    ],
    "payable": false,
    "stateMutability": "view",
    "type": "function"
  },
  {
    "constant": true,
    "inputs": [
      {
        "internalType": "address",
        "name": "",
        "type": "address"
      }
    ],
    "name": "fortressSupplyState",
    "outputs": [
      {
        "internalType": "uint224",
        "name": "index",
        "type": "uint224"
      },
      {
        "internalType": "uint32",
        "name": "block",
        "type": "uint32"
      }
    ],
    "payable": false,
    "stateMutability": "view",
    "type": "function"
  },
  {
    "constant": true,
    "inputs": [
      {
        "internalType": "address",
        "name": "account",
        "type": "address"
      }
    ],
    "name": "getAccountLiquidity",
    "outputs": [
      {
        "internalType": "uint256",
        "name": "",
        "type": "uint256"
      },
      {
        "internalType": "uint256",
        "name": "",
        "type": "uint256"
      },
      {
        "internalType": "uint256",
        "name": "",
        "type": "uint256"
      }
    ],
    "payable": false,
    "stateMutability": "view",
    "type": "function"
  },
  {
    "constant": true,
    "inputs": [],
    "name": "getAllMarkets",
    "outputs": [
      {
        "internalType": "contract FToken[]",
        "name": "",
        "type": "address[]"
      }
    ],
    "payable": false,
    "stateMutability": "view",
    "type": "function"
  },
  {
    "constant": true,
    "inputs": [
      {
        "internalType": "address",
        "name": "account",
        "type": "address"
      }
    ],
    "name": "getAssetsIn",
    "outputs": [
      {
        "internalType": "contract FToken[]",
        "name": "",
        "type": "address[]"
      }
    ],
    "payable": false,
    "stateMutability": "view",
    "type": "function"
  },
  {
    "constant": true,
    "inputs": [],
    "name": "getBlockNumber",
    "outputs": [
      {
        "internalType": "uint256",
        "name": "",
        "type": "uint256"
      }
    ],
    "payable": false,
    "stateMutability": "view",
    "type": "function"
  },
  {
    "constant": true,
    "inputs": [],
    "name": "getFTSAddress",
    "outputs": [
      {
        "internalType": "address",
        "name": "",
        "type": "address"
      }
    ],
    "payable": false,
    "stateMutability": "view",
    "type": "function"
  },
  {
    "constant": true,
    "inputs": [
      {
        "internalType": "address",
        "name": "account",
        "type": "address"
      },
      {
        "internalType": "address",
        "name": "fTokenModify",
        "type": "address"
      },
      {
        "internalType": "uint256",
        "name": "redeemTokens",
        "type": "uint256"
      },
      {
        "internalType": "uint256",
        "name": "borrowAmount",
        "type": "uint256"
      }
    ],
    "name": "getHypotheticalAccountLiquidity",
    "outputs": [
      {
        "internalType": "uint256",
        "name": "",
        "type": "uint256"
      },
      {
        "internalType": "uint256",
        "name": "",
        "type": "uint256"
      },
      {
        "internalType": "uint256",
        "name": "",
        "type": "uint256"
      }
    ],
    "payable": false,
    "stateMutability": "view",
    "type": "function"
  },
  {
    "constant": true,
    "inputs": [],
    "name": "isComptroller",
    "outputs": [
      {
        "internalType": "bool",
        "name": "",
        "type": "bool"
      }
    ],
    "payable": false,
    "stateMutability": "view",
    "type": "function"
  },
  {
    "constant": false,
    "inputs": [
      {
        "internalType": "address",
        "name": "fTokenBorrowed",
        "type": "address"
      },
      {
        "internalType": "address",
        "name": "fTokenCollateral",
        "type": "address"
      },
      {
        "internalType": "address",
        "name": "liquidator",
        "type": "address"
      },
      {
        "internalType": "address",
        "name": "borrower",
        "type": "address"
      },
      {
        "internalType": "uint256",
        "name": "repayAmount",
        "type": "uint256"
      }
    ],
    "name": "liquidateBorrowAllowed",
    "outputs": [
      {
        "internalType": "uint256",
        "name": "",
        "type": "uint256"
      }
    ],
    "payable": false,
    "stateMutability": "nonpayable",
    "type": "function"
  },
  {
    "constant": false,
    "inputs": [
      {
        "internalType": "address",
        "name": "fTokenBorrowed",
        "type": "address"
      },
      {
        "internalType": "address",
        "name": "fTokenCollateral",
        "type": "address"
      },
      {
        "internalType": "address",
        "name": "liquidator",
        "type": "address"
      },
      {
        "internalType": "address",
        "name": "borrower",
        "type": "address"
      },
      {
        "internalType": "uint256",
        "name": "actualRepayAmount",
        "type": "uint256"
      },
      {
        "internalType": "uint256",
        "name": "seizeTokens",
        "type": "uint256"
      }
    ],
    "name": "liquidateBorrowVerify",
    "outputs": [],
    "payable": false,
    "stateMutability": "nonpayable",
    "type": "function"
  },
  {
    "constant": true,
    "inputs": [
      {
        "internalType": "address",
        "name": "fTokenBorrowed",
        "type": "address"
      },
      {
        "internalType": "address",
        "name": "fTokenCollateral",
        "type": "address"
      },
      {
        "internalType": "uint256",
        "name": "actualRepayAmount",
        "type": "uint256"
      }
    ],
    "name": "liquidateCalculateSeizeTokens",
    "outputs": [
      {
        "internalType": "uint256",
        "name": "",
        "type": "uint256"
      },
      {
        "internalType": "uint256",
        "name": "",
        "type": "uint256"
      }
    ],
    "payable": false,
    "stateMutability": "view",
    "type": "function"
  },
  {
    "constant": true,
    "inputs": [],
    "name": "liquidationIncentiveMantissa",
    "outputs": [
      {
        "internalType": "uint256",
        "name": "",
        "type": "uint256"
      }
    ],
    "payable": false,
    "stateMutability": "view",
    "type": "function"
  },
  {
    "constant": true,
    "inputs": [
      {
        "internalType": "address",
        "name": "",
        "type": "address"
      }
    ],
    "name": "markets",
    "outputs": [
      {
        "internalType": "bool",
        "name": "isListed",
        "type": "bool"
      },
      {
        "internalType": "uint256",
        "name": "collateralFactorMantissa",
        "type": "uint256"
      },
      {
        "internalType": "bool",
        "name": "isFortress",
        "type": "bool"
      }
    ],
    "payable": false,
    "stateMutability": "view",
    "type": "function"
  },
  {
    "constant": true,
    "inputs": [],
    "name": "maxAssets",
    "outputs": [
      {
        "internalType": "uint256",
        "name": "",
        "type": "uint256"
      }
    ],
    "payable": false,
    "stateMutability": "view",
    "type": "function"
  },
  {
    "constant": true,
    "inputs": [],
    "name": "minReleaseAmount",
    "outputs": [
      {
        "internalType": "uint256",
        "name": "",
        "type": "uint256"
      }
    ],
    "payable": false,
    "stateMutability": "view",
    "type": "function"
  },
  {
    "constant": false,
    "inputs": [
      {
        "internalType": "address",
        "name": "fToken",
        "type": "address"
      },
      {
        "internalType": "address",
        "name": "minter",
        "type": "address"
      },
      {
        "internalType": "uint256",
        "name": "mintAmount",
        "type": "uint256"
      }
    ],
    "name": "mintAllowed",
    "outputs": [
      {
        "internalType": "uint256",
        "name": "",
        "type": "uint256"
      }
    ],
    "payable": false,
    "stateMutability": "nonpayable",
    "type": "function"
  },
  {
    "constant": true,
    "inputs": [],
    "name": "mintFAIGuardianPaused",
    "outputs": [
      {
        "internalType": "bool",
        "name": "",
        "type": "bool"
      }
    ],
    "payable": false,
    "stateMutability": "view",
    "type": "function"
  },
  {
    "constant": true,
    "inputs": [
      {
        "internalType": "address",
        "name": "",
        "type": "address"
      }
    ],
    "name": "mintGuardianPaused",
    "outputs": [
      {
        "internalType": "bool",
        "name": "",
        "type": "bool"
      }
    ],
    "payable": false,
    "stateMutability": "view",
    "type": "function"
  },
  {
    "constant": false,
    "inputs": [
      {
        "internalType": "address",
        "name": "fToken",
        "type": "address"
      },
      {
        "internalType": "address",
        "name": "minter",
        "type": "address"
      },
      {
        "internalType": "uint256",
        "name": "actualMintAmount",
        "type": "uint256"
      },
      {
        "internalType": "uint256",
        "name": "mintTokens",
        "type": "uint256"
      }
    ],
    "name": "mintVerify",
    "outputs": [],
    "payable": false,
    "stateMutability": "nonpayable",
    "type": "function"
  },
  {
    "constant": true,
    "inputs": [
      {
        "internalType": "address",
        "name": "",
        "type": "address"
      }
    ],
    "name": "mintedFAIs",
    "outputs": [
      {
        "internalType": "uint256",
        "name": "",
        "type": "uint256"
      }
    ],
    "payable": false,
    "stateMutability": "view",
    "type": "function"
  },
  {
    "constant": true,
    "inputs": [],
    "name": "oracle",
    "outputs": [
      {
        "internalType": "contract PriceOracle",
        "name": "",
        "type": "address"
      }
    ],
    "payable": false,
    "stateMutability": "view",
    "type": "function"
  },
  {
    "constant": true,
    "inputs": [],
    "name": "pauseGuardian",
    "outputs": [
      {
        "internalType": "address",
        "name": "",
        "type": "address"
      }
    ],
    "payable": false,
    "stateMutability": "view",
    "type": "function"
  },
  {
    "constant": true,
    "inputs": [],
    "name": "pendingAdmin",
    "outputs": [
      {
        "internalType": "address",
        "name": "",
        "type": "address"
      }
    ],
    "payable": false,
    "stateMutability": "view",
    "type": "function"
  },
  {
    "constant": true,
    "inputs": [],
    "name": "pendingComptrollerImplementation",
    "outputs": [
      {
        "internalType": "address",
        "name": "",
        "type": "address"
      }
    ],
    "payable": false,
    "stateMutability": "view",
    "type": "function"
  },
  {
    "constant": true,
    "inputs": [],
    "name": "protocolPaused",
    "outputs": [
      {
        "internalType": "bool",
        "name": "",
        "type": "bool"
      }
    ],
    "payable": false,
    "stateMutability": "view",
    "type": "function"
  },
  {
    "constant": false,
    "inputs": [
      {
        "internalType": "address",
        "name": "fToken",
        "type": "address"
      },
      {
        "internalType": "address",
        "name": "redeemer",
        "type": "address"
      },
      {
        "internalType": "uint256",
        "name": "redeemTokens",
        "type": "uint256"
      }
    ],
    "name": "redeemAllowed",
    "outputs": [
      {
        "internalType": "uint256",
        "name": "",
        "type": "uint256"
      }
    ],
    "payable": false,
    "stateMutability": "nonpayable",
    "type": "function"
  },
  {
    "constant": false,
    "inputs": [
      {
        "internalType": "address",
        "name": "fToken",
        "type": "address"
      },
      {
        "internalType": "address",
        "name": "redeemer",
        "type": "address"
      },
      {
        "internalType": "uint256",
        "name": "redeemAmount",
        "type": "uint256"
      },
      {
        "internalType": "uint256",
        "name": "redeemTokens",
        "type": "uint256"
      }
    ],
    "name": "redeemVerify",
    "outputs": [],
    "payable": false,
    "stateMutability": "nonpayable",
    "type": "function"
  },
  {
    "constant": false,
    "inputs": [],
    "name": "refreshFortressSpeeds",
    "outputs": [],
    "payable": false,
    "stateMutability": "nonpayable",
    "type": "function"
  },
  {
    "constant": true,
    "inputs": [],
    "name": "releaseStartBlock",
    "outputs": [
      {
        "internalType": "uint256",
        "name": "",
        "type": "uint256"
      }
    ],
    "payable": false,
    "stateMutability": "view",
    "type": "function"
  },
  {
    "constant": false,
    "inputs": [],
    "name": "releaseToVault",
    "outputs": [],
    "payable": false,
    "stateMutability": "nonpayable",
    "type": "function"
  },
  {
    "constant": false,
    "inputs": [
      {
        "internalType": "address",
        "name": "fToken",
        "type": "address"
      },
      {
        "internalType": "address",
        "name": "payer",
        "type": "address"
      },
      {
        "internalType": "address",
        "name": "borrower",
        "type": "address"
      },
      {
        "internalType": "uint256",
        "name": "repayAmount",
        "type": "uint256"
      }
    ],
    "name": "repayBorrowAllowed",
    "outputs": [
      {
        "internalType": "uint256",
        "name": "",
        "type": "uint256"
      }
    ],
    "payable": false,
    "stateMutability": "nonpayable",
    "type": "function"
  },
  {
    "constant": false,
    "inputs": [
      {
        "internalType": "address",
        "name": "fToken",
        "type": "address"
      },
      {
        "internalType": "address",
        "name": "payer",
        "type": "address"
      },
      {
        "internalType": "address",
        "name": "borrower",
        "type": "address"
      },
      {
        "internalType": "uint256",
        "name": "actualRepayAmount",
        "type": "uint256"
      },
      {
        "internalType": "uint256",
        "name": "borrowerIndex",
        "type": "uint256"
      }
    ],
    "name": "repayBorrowVerify",
    "outputs": [],
    "payable": false,
    "stateMutability": "nonpayable",
    "type": "function"
  },
  {
    "constant": true,
    "inputs": [],
    "name": "repayFAIGuardianPaused",
    "outputs": [
      {
        "internalType": "bool",
        "name": "",
        "type": "bool"
      }
    ],
    "payable": false,
    "stateMutability": "view",
    "type": "function"
  },
  {
    "constant": false,
    "inputs": [
      {
        "internalType": "address",
        "name": "fTokenCollateral",
        "type": "address"
      },
      {
        "internalType": "address",
        "name": "fTokenBorrowed",
        "type": "address"
      },
      {
        "internalType": "address",
        "name": "liquidator",
        "type": "address"
      },
      {
        "internalType": "address",
        "name": "borrower",
        "type": "address"
      },
      {
        "internalType": "uint256",
        "name": "seizeTokens",
        "type": "uint256"
      }
    ],
    "name": "seizeAllowed",
    "outputs": [
      {
        "internalType": "uint256",
        "name": "",
        "type": "uint256"
      }
    ],
    "payable": false,
    "stateMutability": "nonpayable",
    "type": "function"
  },
  {
    "constant": true,
    "inputs": [],
    "name": "seizeGuardianPaused",
    "outputs": [
      {
        "internalType": "bool",
        "name": "",
        "type": "bool"
      }
    ],
    "payable": false,
    "stateMutability": "view",
    "type": "function"
  },
  {
    "constant": false,
    "inputs": [
      {
        "internalType": "address",
        "name": "fTokenCollateral",
        "type": "address"
      },
      {
        "internalType": "address",
        "name": "fTokenBorrowed",
        "type": "address"
      },
      {
        "internalType": "address",
        "name": "liquidator",
        "type": "address"
      },
      {
        "internalType": "address",
        "name": "borrower",
        "type": "address"
      },
      {
        "internalType": "uint256",
        "name": "seizeTokens",
        "type": "uint256"
      }
    ],
    "name": "seizeVerify",
    "outputs": [],
    "payable": false,
    "stateMutability": "nonpayable",
    "type": "function"
  },
  {
    "constant": false,
    "inputs": [
      {
        "internalType": "address",
        "name": "owner",
        "type": "address"
      },
      {
        "internalType": "uint256",
        "name": "amount",
        "type": "uint256"
      }
    ],
    "name": "setMintedFAIOf",
    "outputs": [
      {
        "internalType": "uint256",
        "name": "",
        "type": "uint256"
      }
    ],
    "payable": false,
    "stateMutability": "nonpayable",
    "type": "function"
  },
  {
    "constant": false,
    "inputs": [
      {
        "internalType": "address",
        "name": "fToken",
        "type": "address"
      },
      {
        "internalType": "address",
        "name": "src",
        "type": "address"
      },
      {
        "internalType": "address",
        "name": "dst",
        "type": "address"
      },
      {
        "internalType": "uint256",
        "name": "transferTokens",
        "type": "uint256"
      }
    ],
    "name": "transferAllowed",
    "outputs": [
      {
        "internalType": "uint256",
        "name": "",
        "type": "uint256"
      }
    ],
    "payable": false,
    "stateMutability": "nonpayable",
    "type": "function"
  },
  {
    "constant": true,
    "inputs": [],
    "name": "transferGuardianPaused",
    "outputs": [
      {
        "internalType": "bool",
        "name": "",
        "type": "bool"
      }
    ],
    "payable": false,
    "stateMutability": "view",
    "type": "function"
  },
  {
    "constant": false,
    "inputs": [
      {
        "internalType": "address",
        "name": "fToken",
        "type": "address"
      },
      {
        "internalType": "address",
        "name": "src",
        "type": "address"
      },
      {
        "internalType": "address",
        "name": "dst",
        "type": "address"
      },
      {
        "internalType": "uint256",
        "name": "transferTokens",
        "type": "uint256"
      }
    ],
    "name": "transferVerify",
    "outputs": [],
    "payable": false,
    "stateMutability": "nonpayable",
    "type": "function"
  },
  {
    "constant": true,
    "inputs": [],
    "name": "treasuryAddress",
    "outputs": [
      {
        "internalType": "address payable",
        "name": "",
        "type": "address"
      }
    ],
    "payable": false,
    "stateMutability": "view",
    "type": "function"
  },
  {
    "constant": true,
    "inputs": [],
    "name": "treasuryGuardian",
    "outputs": [
      {
        "internalType": "address payable",
        "name": "",
        "type": "address"
      }
    ],
    "payable": false,
    "stateMutability": "view",
    "type": "function"
  }
]
