[
  {
    "inputs": [
      { "internalType": "address", "name": "_pool", "type": "address" },
      { "internalType": "address", "name": "_owner", "type": "address" },
      { "internalType": "string", "name": "name", "type": "string" },
      { "internalType": "string", "name": "symbol", "type": "string" }
    ],
    "stateMutability": "nonpayable",
    "type": "constructor"
  },
  {
    "anonymous": false,
    "inputs": [
      { "indexed": true, "internalType": "address", "name": "owner", "type": "address" },
      { "indexed": true, "internalType": "address", "name": "spender", "type": "address" },
      { "indexed": false, "internalType": "uint256", "name": "value", "type": "uint256" }
    ],
    "name": "Approval",
    "type": "event"
  },
  {
    "anonymous": false,
    "inputs": [
      { "indexed": true, "internalType": "address", "name": "sender", "type": "address" },
      { "indexed": true, "internalType": "address", "name": "to", "type": "address" },
      { "indexed": false, "internalType": "uint256", "name": "shares", "type": "uint256" },
      { "indexed": false, "internalType": "uint256", "name": "amount0", "type": "uint256" },
      { "indexed": false, "internalType": "uint256", "name": "amount1", "type": "uint256" }
    ],
    "name": "Deposit",
    "type": "event"
  },
  {
    "anonymous": false,
    "inputs": [
      { "indexed": false, "internalType": "int24", "name": "tick", "type": "int24" },
      { "indexed": false, "internalType": "uint256", "name": "totalAmount0", "type": "uint256" },
      { "indexed": false, "internalType": "uint256", "name": "totalAmount1", "type": "uint256" },
      { "indexed": false, "internalType": "uint256", "name": "feeAmount0", "type": "uint256" },
      { "indexed": false, "internalType": "uint256", "name": "feeAmount1", "type": "uint256" },
      { "indexed": false, "internalType": "uint256", "name": "totalSupply", "type": "uint256" }
    ],
    "name": "Rebalance",
    "type": "event"
  },
  {
    "anonymous": false,
    "inputs": [{ "indexed": false, "internalType": "uint8", "name": "newFee", "type": "uint8" }],
    "name": "SetFee",
    "type": "event"
  },
  {
    "anonymous": false,
    "inputs": [
      { "indexed": true, "internalType": "address", "name": "from", "type": "address" },
      { "indexed": true, "internalType": "address", "name": "to", "type": "address" },
      { "indexed": false, "internalType": "uint256", "name": "value", "type": "uint256" }
    ],
    "name": "Transfer",
    "type": "event"
  },
  {
    "anonymous": false,
    "inputs": [
      { "indexed": true, "internalType": "address", "name": "sender", "type": "address" },
      { "indexed": true, "internalType": "address", "name": "to", "type": "address" },
      { "indexed": false, "internalType": "uint256", "name": "shares", "type": "uint256" },
      { "indexed": false, "internalType": "uint256", "name": "amount0", "type": "uint256" },
      { "indexed": false, "internalType": "uint256", "name": "amount1", "type": "uint256" }
    ],
    "name": "Withdraw",
    "type": "event"
  },
  {
    "anonymous": false,
    "inputs": [
      { "indexed": false, "internalType": "uint8", "name": "fee", "type": "uint8" },
      { "indexed": false, "internalType": "uint256", "name": "fees0", "type": "uint256" },
      { "indexed": false, "internalType": "uint256", "name": "fees1", "type": "uint256" }
    ],
    "name": "ZeroBurn",
    "type": "event"
  },
  {
    "inputs": [],
    "name": "DOMAIN_SEPARATOR",
    "outputs": [{ "internalType": "bytes32", "name": "", "type": "bytes32" }],
    "stateMutability": "view",
    "type": "function"
  },
  {
    "inputs": [],
    "name": "PRECISION",
    "outputs": [{ "internalType": "uint256", "name": "", "type": "uint256" }],
    "stateMutability": "view",
    "type": "function"
  },
  {
    "inputs": [
      { "internalType": "int24", "name": "tickLower", "type": "int24" },
      { "internalType": "int24", "name": "tickUpper", "type": "int24" },
      { "internalType": "uint256", "name": "amount0", "type": "uint256" },
      { "internalType": "uint256", "name": "amount1", "type": "uint256" },
      { "internalType": "uint256[2]", "name": "inMin", "type": "uint256[2]" }
    ],
    "name": "addLiquidity",
    "outputs": [],
    "stateMutability": "nonpayable",
    "type": "function"
  },
  {
    "inputs": [
      { "internalType": "address", "name": "owner", "type": "address" },
      { "internalType": "address", "name": "spender", "type": "address" }
    ],
    "name": "allowance",
    "outputs": [{ "internalType": "uint256", "name": "", "type": "uint256" }],
    "stateMutability": "view",
    "type": "function"
  },
  {
    "inputs": [
      { "internalType": "address", "name": "spender", "type": "address" },
      { "internalType": "uint256", "name": "amount", "type": "uint256" }
    ],
    "name": "approve",
    "outputs": [{ "internalType": "bool", "name": "", "type": "bool" }],
    "stateMutability": "nonpayable",
    "type": "function"
  },
  {
    "inputs": [{ "internalType": "address", "name": "account", "type": "address" }],
    "name": "balanceOf",
    "outputs": [{ "internalType": "uint256", "name": "", "type": "uint256" }],
    "stateMutability": "view",
    "type": "function"
  },
  {
    "inputs": [],
    "name": "baseLower",
    "outputs": [{ "internalType": "int24", "name": "", "type": "int24" }],
    "stateMutability": "view",
    "type": "function"
  },
  {
    "inputs": [],
    "name": "baseUpper",
    "outputs": [{ "internalType": "int24", "name": "", "type": "int24" }],
    "stateMutability": "view",
    "type": "function"
  },
  {
    "inputs": [{ "internalType": "uint256[4]", "name": "inMin", "type": "uint256[4]" }],
    "name": "compound",
    "outputs": [
      { "internalType": "uint128", "name": "baseToken0Owed", "type": "uint128" },
      { "internalType": "uint128", "name": "baseToken1Owed", "type": "uint128" },
      { "internalType": "uint128", "name": "limitToken0Owed", "type": "uint128" },
      { "internalType": "uint128", "name": "limitToken1Owed", "type": "uint128" }
    ],
    "stateMutability": "nonpayable",
    "type": "function"
  },
  {
    "inputs": [],
    "name": "currentTick",
    "outputs": [{ "internalType": "int24", "name": "tick", "type": "int24" }],
    "stateMutability": "view",
    "type": "function"
  },
  {
    "inputs": [],
    "name": "decimals",
    "outputs": [{ "internalType": "uint8", "name": "", "type": "uint8" }],
    "stateMutability": "view",
    "type": "function"
  },
  {
    "inputs": [
      { "internalType": "address", "name": "spender", "type": "address" },
      { "internalType": "uint256", "name": "subtractedValue", "type": "uint256" }
    ],
    "name": "decreaseAllowance",
    "outputs": [{ "internalType": "bool", "name": "", "type": "bool" }],
    "stateMutability": "nonpayable",
    "type": "function"
  },
  {
    "inputs": [
      { "internalType": "uint256", "name": "deposit0", "type": "uint256" },
      { "internalType": "uint256", "name": "deposit1", "type": "uint256" },
      { "internalType": "address", "name": "to", "type": "address" },
      { "internalType": "address", "name": "from", "type": "address" },
      { "internalType": "uint256[4]", "name": "inMin", "type": "uint256[4]" }
    ],
    "name": "deposit",
    "outputs": [{ "internalType": "uint256", "name": "shares", "type": "uint256" }],
    "stateMutability": "nonpayable",
    "type": "function"
  },
  {
    "inputs": [],
    "name": "deposit0Max",
    "outputs": [{ "internalType": "uint256", "name": "", "type": "uint256" }],
    "stateMutability": "view",
    "type": "function"
  },
  {
    "inputs": [],
    "name": "deposit1Max",
    "outputs": [{ "internalType": "uint256", "name": "", "type": "uint256" }],
    "stateMutability": "view",
    "type": "function"
  },
  {
    "inputs": [],
    "name": "directDeposit",
    "outputs": [{ "internalType": "bool", "name": "", "type": "bool" }],
    "stateMutability": "view",
    "type": "function"
  },
  {
    "inputs": [],
    "name": "fee",
    "outputs": [{ "internalType": "uint8", "name": "", "type": "uint8" }],
    "stateMutability": "view",
    "type": "function"
  },
  {
    "inputs": [],
    "name": "feeRecipient",
    "outputs": [{ "internalType": "address", "name": "", "type": "address" }],
    "stateMutability": "view",
    "type": "function"
  },
  {
    "inputs": [],
    "name": "getBasePosition",
    "outputs": [
      { "internalType": "uint128", "name": "liquidity", "type": "uint128" },
      { "internalType": "uint256", "name": "amount0", "type": "uint256" },
      { "internalType": "uint256", "name": "amount1", "type": "uint256" }
    ],
    "stateMutability": "view",
    "type": "function"
  },
  {
    "inputs": [],
    "name": "getLimitPosition",
    "outputs": [
      { "internalType": "uint128", "name": "liquidity", "type": "uint128" },
      { "internalType": "uint256", "name": "amount0", "type": "uint256" },
      { "internalType": "uint256", "name": "amount1", "type": "uint256" }
    ],
    "stateMutability": "view",
    "type": "function"
  },
  {
    "inputs": [],
    "name": "getTotalAmounts",
    "outputs": [
      { "internalType": "uint256", "name": "total0", "type": "uint256" },
      { "internalType": "uint256", "name": "total1", "type": "uint256" }
    ],
    "stateMutability": "view",
    "type": "function"
  },
  {
    "inputs": [
      { "internalType": "address", "name": "spender", "type": "address" },
      { "internalType": "uint256", "name": "addedValue", "type": "uint256" }
    ],
    "name": "increaseAllowance",
    "outputs": [{ "internalType": "bool", "name": "", "type": "bool" }],
    "stateMutability": "nonpayable",
    "type": "function"
  },
  {
    "inputs": [],
    "name": "limitLower",
    "outputs": [{ "internalType": "int24", "name": "", "type": "int24" }],
    "stateMutability": "view",
    "type": "function"
  },
  {
    "inputs": [],
    "name": "limitUpper",
    "outputs": [{ "internalType": "int24", "name": "", "type": "int24" }],
    "stateMutability": "view",
    "type": "function"
  },
  {
    "inputs": [],
    "name": "maxTotalSupply",
    "outputs": [{ "internalType": "uint256", "name": "", "type": "uint256" }],
    "stateMutability": "view",
    "type": "function"
  },
  {
    "inputs": [],
    "name": "name",
    "outputs": [{ "internalType": "string", "name": "", "type": "string" }],
    "stateMutability": "view",
    "type": "function"
  },
  {
    "inputs": [{ "internalType": "address", "name": "owner", "type": "address" }],
    "name": "nonces",
    "outputs": [{ "internalType": "uint256", "name": "", "type": "uint256" }],
    "stateMutability": "view",
    "type": "function"
  },
  {
    "inputs": [],
    "name": "owner",
    "outputs": [{ "internalType": "address", "name": "", "type": "address" }],
    "stateMutability": "view",
    "type": "function"
  },
  {
    "inputs": [
      { "internalType": "address", "name": "owner", "type": "address" },
      { "internalType": "address", "name": "spender", "type": "address" },
      { "internalType": "uint256", "name": "value", "type": "uint256" },
      { "internalType": "uint256", "name": "deadline", "type": "uint256" },
      { "internalType": "uint8", "name": "v", "type": "uint8" },
      { "internalType": "bytes32", "name": "r", "type": "bytes32" },
      { "internalType": "bytes32", "name": "s", "type": "bytes32" }
    ],
    "name": "permit",
    "outputs": [],
    "stateMutability": "nonpayable",
    "type": "function"
  },
  {
    "inputs": [],
    "name": "pool",
    "outputs": [{ "internalType": "contract IUniswapV3Pool", "name": "", "type": "address" }],
    "stateMutability": "view",
    "type": "function"
  },
  {
    "inputs": [
      { "internalType": "int24", "name": "tickLower", "type": "int24" },
      { "internalType": "int24", "name": "tickUpper", "type": "int24" },
      { "internalType": "uint128", "name": "shares", "type": "uint128" },
      { "internalType": "uint256[2]", "name": "amountMin", "type": "uint256[2]" }
    ],
    "name": "pullLiquidity",
    "outputs": [
      { "internalType": "uint256", "name": "amount0", "type": "uint256" },
      { "internalType": "uint256", "name": "amount1", "type": "uint256" }
    ],
    "stateMutability": "nonpayable",
    "type": "function"
  },
  {
    "inputs": [
      { "internalType": "int24", "name": "_baseLower", "type": "int24" },
      { "internalType": "int24", "name": "_baseUpper", "type": "int24" },
      { "internalType": "int24", "name": "_limitLower", "type": "int24" },
      { "internalType": "int24", "name": "_limitUpper", "type": "int24" },
      { "internalType": "address", "name": "_feeRecipient", "type": "address" },
      { "internalType": "uint256[4]", "name": "inMin", "type": "uint256[4]" },
      { "internalType": "uint256[4]", "name": "outMin", "type": "uint256[4]" }
    ],
    "name": "rebalance",
    "outputs": [],
    "stateMutability": "nonpayable",
    "type": "function"
  },
  {
    "inputs": [],
    "name": "removeWhitelisted",
    "outputs": [],
    "stateMutability": "nonpayable",
    "type": "function"
  },
  {
    "inputs": [{ "internalType": "uint8", "name": "newFee", "type": "uint8" }],
    "name": "setFee",
    "outputs": [],
    "stateMutability": "nonpayable",
    "type": "function"
  },
  {
    "inputs": [{ "internalType": "address", "name": "_address", "type": "address" }],
    "name": "setWhitelist",
    "outputs": [],
    "stateMutability": "nonpayable",
    "type": "function"
  },
  {
    "inputs": [],
    "name": "symbol",
    "outputs": [{ "internalType": "string", "name": "", "type": "string" }],
    "stateMutability": "view",
    "type": "function"
  },
  {
    "inputs": [],
    "name": "tickSpacing",
    "outputs": [{ "internalType": "int24", "name": "", "type": "int24" }],
    "stateMutability": "view",
    "type": "function"
  },
  {
    "inputs": [],
    "name": "toggleDirectDeposit",
    "outputs": [],
    "stateMutability": "nonpayable",
    "type": "function"
  },
  {
    "inputs": [],
    "name": "token0",
    "outputs": [{ "internalType": "contract IERC20", "name": "", "type": "address" }],
    "stateMutability": "view",
    "type": "function"
  },
  {
    "inputs": [],
    "name": "token1",
    "outputs": [{ "internalType": "contract IERC20", "name": "", "type": "address" }],
    "stateMutability": "view",
    "type": "function"
  },
  {
    "inputs": [],
    "name": "totalSupply",
    "outputs": [{ "internalType": "uint256", "name": "", "type": "uint256" }],
    "stateMutability": "view",
    "type": "function"
  },
  {
    "inputs": [
      { "internalType": "address", "name": "recipient", "type": "address" },
      { "internalType": "uint256", "name": "amount", "type": "uint256" }
    ],
    "name": "transfer",
    "outputs": [{ "internalType": "bool", "name": "", "type": "bool" }],
    "stateMutability": "nonpayable",
    "type": "function"
  },
  {
    "inputs": [
      { "internalType": "address", "name": "sender", "type": "address" },
      { "internalType": "address", "name": "recipient", "type": "address" },
      { "internalType": "uint256", "name": "amount", "type": "uint256" }
    ],
    "name": "transferFrom",
    "outputs": [{ "internalType": "bool", "name": "", "type": "bool" }],
    "stateMutability": "nonpayable",
    "type": "function"
  },
  {
    "inputs": [{ "internalType": "address", "name": "newOwner", "type": "address" }],
    "name": "transferOwnership",
    "outputs": [],
    "stateMutability": "nonpayable",
    "type": "function"
  },
  {
    "inputs": [
      { "internalType": "uint256", "name": "amount0", "type": "uint256" },
      { "internalType": "uint256", "name": "amount1", "type": "uint256" },
      { "internalType": "bytes", "name": "data", "type": "bytes" }
    ],
    "name": "uniswapV3MintCallback",
    "outputs": [],
    "stateMutability": "nonpayable",
    "type": "function"
  },
  {
    "inputs": [],
    "name": "whitelistedAddress",
    "outputs": [{ "internalType": "address", "name": "", "type": "address" }],
    "stateMutability": "view",
    "type": "function"
  },
  {
    "inputs": [
      { "internalType": "uint256", "name": "shares", "type": "uint256" },
      { "internalType": "address", "name": "to", "type": "address" },
      { "internalType": "address", "name": "from", "type": "address" },
      { "internalType": "uint256[4]", "name": "minAmounts", "type": "uint256[4]" }
    ],
    "name": "withdraw",
    "outputs": [
      { "internalType": "uint256", "name": "amount0", "type": "uint256" },
      { "internalType": "uint256", "name": "amount1", "type": "uint256" }
    ],
    "stateMutability": "nonpayable",
    "type": "function"
  }
]
