[
  {
    "inputs": [
      { "internalType": "address", "name": "_pool", "type": "address" },
      { "internalType": "bool", "name": "_allowToken0", "type": "bool" },
      { "internalType": "bool", "name": "_allowToken1", "type": "bool" },
      { "internalType": "address", "name": "__owner", "type": "address" },
      { "internalType": "uint32", "name": "_twapPeriod", "type": "uint32" }
    ],
    "stateMutability": "nonpayable",
    "type": "constructor"
  },
  {
    "anonymous": false,
    "inputs": [
      { "indexed": true, "internalType": "address", "name": "sender", "type": "address" },
      { "indexed": false, "internalType": "address", "name": "affiliate", "type": "address" }
    ],
    "name": "Affiliate",
    "type": "event"
  },
  {
    "anonymous": false,
    "inputs": [
      { "indexed": true, "internalType": "address", "name": "owner", "type": "address" },
      { "indexed": true, "internalType": "address", "name": "spender", "type": "address" },
      { "indexed": false, "internalType": "uint256", "name": "value", "type": "uint256" }
    ],
    "name": "Approval",
    "type": "event"
  },
  {
    "anonymous": false,
    "inputs": [
      { "indexed": true, "internalType": "address", "name": "sender", "type": "address" },
      { "indexed": true, "internalType": "address", "name": "pool", "type": "address" },
      { "indexed": false, "internalType": "bool", "name": "allowToken0", "type": "bool" },
      { "indexed": false, "internalType": "bool", "name": "allowToken1", "type": "bool" },
      { "indexed": false, "internalType": "address", "name": "owner", "type": "address" },
      { "indexed": false, "internalType": "uint256", "name": "twapPeriod", "type": "uint256" }
    ],
    "name": "DeployICHIVault",
    "type": "event"
  },
  {
    "anonymous": false,
    "inputs": [
      { "indexed": true, "internalType": "address", "name": "sender", "type": "address" },
      { "indexed": true, "internalType": "address", "name": "to", "type": "address" },
      { "indexed": false, "internalType": "uint256", "name": "shares", "type": "uint256" },
      { "indexed": false, "internalType": "uint256", "name": "amount0", "type": "uint256" },
      { "indexed": false, "internalType": "uint256", "name": "amount1", "type": "uint256" }
    ],
    "name": "Deposit",
    "type": "event"
  },
  {
    "anonymous": false,
    "inputs": [
      { "indexed": true, "internalType": "address", "name": "sender", "type": "address" },
      { "indexed": false, "internalType": "uint256", "name": "deposit0Max", "type": "uint256" },
      { "indexed": false, "internalType": "uint256", "name": "deposit1Max", "type": "uint256" }
    ],
    "name": "DepositMax",
    "type": "event"
  },
  {
    "anonymous": false,
    "inputs": [
      { "indexed": true, "internalType": "address", "name": "sender", "type": "address" },
      { "indexed": false, "internalType": "uint256", "name": "hysteresis", "type": "uint256" }
    ],
    "name": "Hysteresis",
    "type": "event"
  },
  {
    "anonymous": false,
    "inputs": [
      { "indexed": true, "internalType": "address", "name": "sender", "type": "address" },
      { "indexed": false, "internalType": "uint256", "name": "maxTotalSupply", "type": "uint256" }
    ],
    "name": "MaxTotalSupply",
    "type": "event"
  },
  {
    "anonymous": false,
    "inputs": [
      { "indexed": true, "internalType": "address", "name": "previousOwner", "type": "address" },
      { "indexed": true, "internalType": "address", "name": "newOwner", "type": "address" }
    ],
    "name": "OwnershipTransferred",
    "type": "event"
  },
  {
    "anonymous": false,
    "inputs": [
      { "indexed": false, "internalType": "int24", "name": "tick", "type": "int24" },
      { "indexed": false, "internalType": "uint256", "name": "totalAmount0", "type": "uint256" },
      { "indexed": false, "internalType": "uint256", "name": "totalAmount1", "type": "uint256" },
      { "indexed": false, "internalType": "uint256", "name": "feeAmount0", "type": "uint256" },
      { "indexed": false, "internalType": "uint256", "name": "feeAmount1", "type": "uint256" },
      { "indexed": false, "internalType": "uint256", "name": "totalSupply", "type": "uint256" }
    ],
    "name": "Rebalance",
    "type": "event"
  },
  {
    "anonymous": false,
    "inputs": [
      { "indexed": false, "internalType": "address", "name": "sender", "type": "address" },
      { "indexed": false, "internalType": "uint32", "name": "newTwapPeriod", "type": "uint32" }
    ],
    "name": "SetTwapPeriod",
    "type": "event"
  },
  {
    "anonymous": false,
    "inputs": [
      { "indexed": true, "internalType": "address", "name": "from", "type": "address" },
      { "indexed": true, "internalType": "address", "name": "to", "type": "address" },
      { "indexed": false, "internalType": "uint256", "name": "value", "type": "uint256" }
    ],
    "name": "Transfer",
    "type": "event"
  },
  {
    "anonymous": false,
    "inputs": [
      { "indexed": true, "internalType": "address", "name": "sender", "type": "address" },
      { "indexed": true, "internalType": "address", "name": "to", "type": "address" },
      { "indexed": false, "internalType": "uint256", "name": "shares", "type": "uint256" },
      { "indexed": false, "internalType": "uint256", "name": "amount0", "type": "uint256" },
      { "indexed": false, "internalType": "uint256", "name": "amount1", "type": "uint256" }
    ],
    "name": "Withdraw",
    "type": "event"
  },
  {
    "inputs": [],
    "name": "PRECISION",
    "outputs": [{ "internalType": "uint256", "name": "", "type": "uint256" }],
    "stateMutability": "view",
    "type": "function"
  },
  {
    "inputs": [],
    "name": "affiliate",
    "outputs": [{ "internalType": "address", "name": "", "type": "address" }],
    "stateMutability": "view",
    "type": "function"
  },
  {
    "inputs": [],
    "name": "allowToken0",
    "outputs": [{ "internalType": "bool", "name": "", "type": "bool" }],
    "stateMutability": "view",
    "type": "function"
  },
  {
    "inputs": [],
    "name": "allowToken1",
    "outputs": [{ "internalType": "bool", "name": "", "type": "bool" }],
    "stateMutability": "view",
    "type": "function"
  },
  {
    "inputs": [
      { "internalType": "address", "name": "owner", "type": "address" },
      { "internalType": "address", "name": "spender", "type": "address" }
    ],
    "name": "allowance",
    "outputs": [{ "internalType": "uint256", "name": "", "type": "uint256" }],
    "stateMutability": "view",
    "type": "function"
  },
  {
    "inputs": [
      { "internalType": "address", "name": "spender", "type": "address" },
      { "internalType": "uint256", "name": "amount", "type": "uint256" }
    ],
    "name": "approve",
    "outputs": [{ "internalType": "bool", "name": "", "type": "bool" }],
    "stateMutability": "nonpayable",
    "type": "function"
  },
  {
    "inputs": [{ "internalType": "address", "name": "account", "type": "address" }],
    "name": "balanceOf",
    "outputs": [{ "internalType": "uint256", "name": "", "type": "uint256" }],
    "stateMutability": "view",
    "type": "function"
  },
  {
    "inputs": [],
    "name": "baseLower",
    "outputs": [{ "internalType": "int24", "name": "", "type": "int24" }],
    "stateMutability": "view",
    "type": "function"
  },
  {
    "inputs": [],
    "name": "baseUpper",
    "outputs": [{ "internalType": "int24", "name": "", "type": "int24" }],
    "stateMutability": "view",
    "type": "function"
  },
  {
    "inputs": [],
    "name": "currentTick",
    "outputs": [{ "internalType": "int24", "name": "tick", "type": "int24" }],
    "stateMutability": "view",
    "type": "function"
  },
  {
    "inputs": [],
    "name": "decimals",
    "outputs": [{ "internalType": "uint8", "name": "", "type": "uint8" }],
    "stateMutability": "view",
    "type": "function"
  },
  {
    "inputs": [
      { "internalType": "address", "name": "spender", "type": "address" },
      { "internalType": "uint256", "name": "subtractedValue", "type": "uint256" }
    ],
    "name": "decreaseAllowance",
    "outputs": [{ "internalType": "bool", "name": "", "type": "bool" }],
    "stateMutability": "nonpayable",
    "type": "function"
  },
  {
    "inputs": [
      { "internalType": "uint256", "name": "deposit0", "type": "uint256" },
      { "internalType": "uint256", "name": "deposit1", "type": "uint256" },
      { "internalType": "address", "name": "to", "type": "address" }
    ],
    "name": "deposit",
    "outputs": [{ "internalType": "uint256", "name": "shares", "type": "uint256" }],
    "stateMutability": "nonpayable",
    "type": "function"
  },
  {
    "inputs": [],
    "name": "deposit0Max",
    "outputs": [{ "internalType": "uint256", "name": "", "type": "uint256" }],
    "stateMutability": "view",
    "type": "function"
  },
  {
    "inputs": [],
    "name": "deposit1Max",
    "outputs": [{ "internalType": "uint256", "name": "", "type": "uint256" }],
    "stateMutability": "view",
    "type": "function"
  },
  {
    "inputs": [],
    "name": "fee",
    "outputs": [{ "internalType": "uint24", "name": "", "type": "uint24" }],
    "stateMutability": "view",
    "type": "function"
  },
  {
    "inputs": [],
    "name": "getBasePosition",
    "outputs": [
      { "internalType": "uint128", "name": "liquidity", "type": "uint128" },
      { "internalType": "uint256", "name": "amount0", "type": "uint256" },
      { "internalType": "uint256", "name": "amount1", "type": "uint256" }
    ],
    "stateMutability": "view",
    "type": "function"
  },
  {
    "inputs": [],
    "name": "getLimitPosition",
    "outputs": [
      { "internalType": "uint128", "name": "liquidity", "type": "uint128" },
      { "internalType": "uint256", "name": "amount0", "type": "uint256" },
      { "internalType": "uint256", "name": "amount1", "type": "uint256" }
    ],
    "stateMutability": "view",
    "type": "function"
  },
  {
    "inputs": [],
    "name": "getTotalAmounts",
    "outputs": [
      { "internalType": "uint256", "name": "total0", "type": "uint256" },
      { "internalType": "uint256", "name": "total1", "type": "uint256" }
    ],
    "stateMutability": "view",
    "type": "function"
  },
  {
    "inputs": [],
    "name": "hysteresis",
    "outputs": [{ "internalType": "uint256", "name": "", "type": "uint256" }],
    "stateMutability": "view",
    "type": "function"
  },
  {
    "inputs": [],
    "name": "ichiVaultFactory",
    "outputs": [{ "internalType": "address", "name": "", "type": "address" }],
    "stateMutability": "view",
    "type": "function"
  },
  {
    "inputs": [
      { "internalType": "address", "name": "spender", "type": "address" },
      { "internalType": "uint256", "name": "addedValue", "type": "uint256" }
    ],
    "name": "increaseAllowance",
    "outputs": [{ "internalType": "bool", "name": "", "type": "bool" }],
    "stateMutability": "nonpayable",
    "type": "function"
  },
  {
    "inputs": [],
    "name": "limitLower",
    "outputs": [{ "internalType": "int24", "name": "", "type": "int24" }],
    "stateMutability": "view",
    "type": "function"
  },
  {
    "inputs": [],
    "name": "limitUpper",
    "outputs": [{ "internalType": "int24", "name": "", "type": "int24" }],
    "stateMutability": "view",
    "type": "function"
  },
  {
    "inputs": [],
    "name": "maxTotalSupply",
    "outputs": [{ "internalType": "uint256", "name": "", "type": "uint256" }],
    "stateMutability": "view",
    "type": "function"
  },
  {
    "inputs": [],
    "name": "name",
    "outputs": [{ "internalType": "string", "name": "", "type": "string" }],
    "stateMutability": "view",
    "type": "function"
  },
  {
    "inputs": [],
    "name": "owner",
    "outputs": [{ "internalType": "address", "name": "", "type": "address" }],
    "stateMutability": "view",
    "type": "function"
  },
  {
    "inputs": [
      { "internalType": "uint256", "name": "amount0", "type": "uint256" },
      { "internalType": "uint256", "name": "amount1", "type": "uint256" },
      { "internalType": "bytes", "name": "data", "type": "bytes" }
    ],
    "name": "pancakeV3MintCallback",
    "outputs": [],
    "stateMutability": "nonpayable",
    "type": "function"
  },
  {
    "inputs": [
      { "internalType": "int256", "name": "amount0Delta", "type": "int256" },
      { "internalType": "int256", "name": "amount1Delta", "type": "int256" },
      { "internalType": "bytes", "name": "data", "type": "bytes" }
    ],
    "name": "pancakeV3SwapCallback",
    "outputs": [],
    "stateMutability": "nonpayable",
    "type": "function"
  },
  {
    "inputs": [],
    "name": "pool",
    "outputs": [{ "internalType": "address", "name": "", "type": "address" }],
    "stateMutability": "view",
    "type": "function"
  },
  {
    "inputs": [
      { "internalType": "int24", "name": "_baseLower", "type": "int24" },
      { "internalType": "int24", "name": "_baseUpper", "type": "int24" },
      { "internalType": "int24", "name": "_limitLower", "type": "int24" },
      { "internalType": "int24", "name": "_limitUpper", "type": "int24" },
      { "internalType": "int256", "name": "swapQuantity", "type": "int256" }
    ],
    "name": "rebalance",
    "outputs": [],
    "stateMutability": "nonpayable",
    "type": "function"
  },
  {
    "inputs": [],
    "name": "renounceOwnership",
    "outputs": [],
    "stateMutability": "nonpayable",
    "type": "function"
  },
  {
    "inputs": [{ "internalType": "address", "name": "_affiliate", "type": "address" }],
    "name": "setAffiliate",
    "outputs": [],
    "stateMutability": "nonpayable",
    "type": "function"
  },
  {
    "inputs": [
      { "internalType": "uint256", "name": "_deposit0Max", "type": "uint256" },
      { "internalType": "uint256", "name": "_deposit1Max", "type": "uint256" }
    ],
    "name": "setDepositMax",
    "outputs": [],
    "stateMutability": "nonpayable",
    "type": "function"
  },
  {
    "inputs": [{ "internalType": "uint256", "name": "_hysteresis", "type": "uint256" }],
    "name": "setHysteresis",
    "outputs": [],
    "stateMutability": "nonpayable",
    "type": "function"
  },
  {
    "inputs": [{ "internalType": "uint256", "name": "_maxTotalSupply", "type": "uint256" }],
    "name": "setMaxTotalSupply",
    "outputs": [],
    "stateMutability": "nonpayable",
    "type": "function"
  },
  {
    "inputs": [{ "internalType": "uint32", "name": "newTwapPeriod", "type": "uint32" }],
    "name": "setTwapPeriod",
    "outputs": [],
    "stateMutability": "nonpayable",
    "type": "function"
  },
  {
    "inputs": [],
    "name": "symbol",
    "outputs": [{ "internalType": "string", "name": "", "type": "string" }],
    "stateMutability": "view",
    "type": "function"
  },
  {
    "inputs": [],
    "name": "tickSpacing",
    "outputs": [{ "internalType": "int24", "name": "", "type": "int24" }],
    "stateMutability": "view",
    "type": "function"
  },
  {
    "inputs": [],
    "name": "token0",
    "outputs": [{ "internalType": "address", "name": "", "type": "address" }],
    "stateMutability": "view",
    "type": "function"
  },
  {
    "inputs": [],
    "name": "token1",
    "outputs": [{ "internalType": "address", "name": "", "type": "address" }],
    "stateMutability": "view",
    "type": "function"
  },
  {
    "inputs": [],
    "name": "totalSupply",
    "outputs": [{ "internalType": "uint256", "name": "", "type": "uint256" }],
    "stateMutability": "view",
    "type": "function"
  },
  {
    "inputs": [
      { "internalType": "address", "name": "recipient", "type": "address" },
      { "internalType": "uint256", "name": "amount", "type": "uint256" }
    ],
    "name": "transfer",
    "outputs": [{ "internalType": "bool", "name": "", "type": "bool" }],
    "stateMutability": "nonpayable",
    "type": "function"
  },
  {
    "inputs": [
      { "internalType": "address", "name": "sender", "type": "address" },
      { "internalType": "address", "name": "recipient", "type": "address" },
      { "internalType": "uint256", "name": "amount", "type": "uint256" }
    ],
    "name": "transferFrom",
    "outputs": [{ "internalType": "bool", "name": "", "type": "bool" }],
    "stateMutability": "nonpayable",
    "type": "function"
  },
  {
    "inputs": [{ "internalType": "address", "name": "newOwner", "type": "address" }],
    "name": "transferOwnership",
    "outputs": [],
    "stateMutability": "nonpayable",
    "type": "function"
  },
  {
    "inputs": [],
    "name": "twapPeriod",
    "outputs": [{ "internalType": "uint32", "name": "", "type": "uint32" }],
    "stateMutability": "view",
    "type": "function"
  },
  {
    "inputs": [
      { "internalType": "uint256", "name": "shares", "type": "uint256" },
      { "internalType": "address", "name": "to", "type": "address" }
    ],
    "name": "withdraw",
    "outputs": [
      { "internalType": "uint256", "name": "amount0", "type": "uint256" },
      { "internalType": "uint256", "name": "amount1", "type": "uint256" }
    ],
    "stateMutability": "nonpayable",
    "type": "function"
  }
]
