[
  {
    "inputs": [
      { "internalType": "address", "name": "_admin", "type": "address" },
      { "internalType": "address[]", "name": "_rewardTokens", "type": "address[]" },
      {
        "internalType": "contract IKyberRewardLockerV2",
        "name": "_rewardLocker",
        "type": "address"
      }
    ],
    "stateMutability": "nonpayable",
    "type": "constructor"
  },
  {
    "anonymous": false,
    "inputs": [
      { "indexed": true, "internalType": "address", "name": "stakeToken", "type": "address" },
      { "indexed": true, "internalType": "address", "name": "generatedToken", "type": "address" },
      { "indexed": false, "internalType": "uint32", "name": "startTime", "type": "uint32" },
      { "indexed": false, "internalType": "uint32", "name": "endTime", "type": "uint32" },
      { "indexed": false, "internalType": "uint32", "name": "vestingDuration", "type": "uint32" }
    ],
    "name": "AddNewPool",
    "type": "event"
  },
  {
    "anonymous": false,
    "inputs": [
      { "indexed": false, "internalType": "address", "name": "newAdmin", "type": "address" },
      { "indexed": false, "internalType": "address", "name": "previousAdmin", "type": "address" }
    ],
    "name": "AdminClaimed",
    "type": "event"
  },
  {
    "anonymous": false,
    "inputs": [
      { "indexed": true, "internalType": "address", "name": "user", "type": "address" },
      { "indexed": true, "internalType": "uint256", "name": "pid", "type": "uint256" },
      { "indexed": true, "internalType": "uint256", "name": "timestamp", "type": "uint256" },
      { "indexed": false, "internalType": "uint256", "name": "amount", "type": "uint256" }
    ],
    "name": "Deposit",
    "type": "event"
  },
  {
    "anonymous": false,
    "inputs": [
      { "indexed": true, "internalType": "address", "name": "user", "type": "address" },
      { "indexed": true, "internalType": "uint256", "name": "pid", "type": "uint256" },
      { "indexed": true, "internalType": "uint256", "name": "timestamp", "type": "uint256" },
      { "indexed": false, "internalType": "uint256", "name": "amount", "type": "uint256" }
    ],
    "name": "EmergencyWithdraw",
    "type": "event"
  },
  {
    "anonymous": false,
    "inputs": [
      { "indexed": true, "internalType": "address", "name": "user", "type": "address" },
      { "indexed": true, "internalType": "uint256", "name": "pid", "type": "uint256" },
      { "indexed": true, "internalType": "address", "name": "rewardToken", "type": "address" },
      { "indexed": false, "internalType": "uint256", "name": "lockedAmount", "type": "uint256" },
      { "indexed": false, "internalType": "uint256", "name": "timestamp", "type": "uint256" }
    ],
    "name": "Harvest",
    "type": "event"
  },
  {
    "anonymous": false,
    "inputs": [
      { "indexed": true, "internalType": "uint256", "name": "pid", "type": "uint256" },
      { "indexed": true, "internalType": "uint32", "name": "startTime", "type": "uint32" },
      { "indexed": true, "internalType": "uint32", "name": "endTime", "type": "uint32" },
      { "indexed": false, "internalType": "uint32", "name": "vestingDuration", "type": "uint32" }
    ],
    "name": "RenewPool",
    "type": "event"
  },
  {
    "anonymous": false,
    "inputs": [
      { "indexed": false, "internalType": "address", "name": "pendingAdmin", "type": "address" }
    ],
    "name": "TransferAdminPending",
    "type": "event"
  },
  {
    "anonymous": false,
    "inputs": [
      { "indexed": true, "internalType": "uint256", "name": "pid", "type": "uint256" },
      { "indexed": true, "internalType": "uint32", "name": "endTime", "type": "uint32" },
      { "indexed": true, "internalType": "uint32", "name": "vestingDuration", "type": "uint32" }
    ],
    "name": "UpdatePool",
    "type": "event"
  },
  {
    "anonymous": false,
    "inputs": [
      { "indexed": true, "internalType": "address", "name": "user", "type": "address" },
      { "indexed": true, "internalType": "uint256", "name": "pid", "type": "uint256" },
      { "indexed": true, "internalType": "uint256", "name": "timestamp", "type": "uint256" },
      { "indexed": false, "internalType": "uint256", "name": "amount", "type": "uint256" }
    ],
    "name": "Withdraw",
    "type": "event"
  },
  {
    "inputs": [
      { "internalType": "address", "name": "_stakeToken", "type": "address" },
      { "internalType": "uint32", "name": "_startTime", "type": "uint32" },
      { "internalType": "uint32", "name": "_endTime", "type": "uint32" },
      { "internalType": "uint32", "name": "_vestingDuration", "type": "uint32" },
      { "internalType": "uint256[]", "name": "_totalRewards", "type": "uint256[]" },
      { "internalType": "string", "name": "_tokenName", "type": "string" },
      { "internalType": "string", "name": "_tokenSymbol", "type": "string" }
    ],
    "name": "addPool",
    "outputs": [],
    "stateMutability": "nonpayable",
    "type": "function"
  },
  {
    "inputs": [],
    "name": "admin",
    "outputs": [{ "internalType": "address", "name": "", "type": "address" }],
    "stateMutability": "view",
    "type": "function"
  },
  {
    "inputs": [
      { "internalType": "uint256", "name": "rewardTokenIndex", "type": "uint256" },
      { "internalType": "uint256", "name": "amount", "type": "uint256" }
    ],
    "name": "adminWithdraw",
    "outputs": [],
    "stateMutability": "nonpayable",
    "type": "function"
  },
  {
    "inputs": [],
    "name": "claimAdmin",
    "outputs": [],
    "stateMutability": "nonpayable",
    "type": "function"
  },
  {
    "inputs": [
      { "internalType": "uint256", "name": "_pid", "type": "uint256" },
      { "internalType": "uint256", "name": "_amount", "type": "uint256" },
      { "internalType": "bool", "name": "_shouldHarvest", "type": "bool" }
    ],
    "name": "deposit",
    "outputs": [],
    "stateMutability": "nonpayable",
    "type": "function"
  },
  {
    "inputs": [{ "internalType": "uint256", "name": "_pid", "type": "uint256" }],
    "name": "emergencyWithdraw",
    "outputs": [],
    "stateMutability": "nonpayable",
    "type": "function"
  },
  {
    "inputs": [{ "internalType": "uint256", "name": "_pid", "type": "uint256" }],
    "name": "getPoolInfo",
    "outputs": [
      { "internalType": "uint256", "name": "totalStake", "type": "uint256" },
      { "internalType": "address", "name": "stakeToken", "type": "address" },
      { "internalType": "address", "name": "generatedToken", "type": "address" },
      { "internalType": "uint32", "name": "startTime", "type": "uint32" },
      { "internalType": "uint32", "name": "endTime", "type": "uint32" },
      { "internalType": "uint32", "name": "lastRewardTime", "type": "uint32" },
      { "internalType": "uint32", "name": "vestingDuration", "type": "uint32" },
      { "internalType": "uint256[]", "name": "rewardPerSeconds", "type": "uint256[]" },
      { "internalType": "uint256[]", "name": "rewardMultipliers", "type": "uint256[]" },
      { "internalType": "uint256[]", "name": "accRewardPerShares", "type": "uint256[]" }
    ],
    "stateMutability": "view",
    "type": "function"
  },
  {
    "inputs": [],
    "name": "getRewardTokens",
    "outputs": [{ "internalType": "address[]", "name": "", "type": "address[]" }],
    "stateMutability": "view",
    "type": "function"
  },
  {
    "inputs": [
      { "internalType": "uint256", "name": "_pid", "type": "uint256" },
      { "internalType": "address", "name": "_account", "type": "address" }
    ],
    "name": "getUserInfo",
    "outputs": [
      { "internalType": "uint256", "name": "amount", "type": "uint256" },
      { "internalType": "uint256[]", "name": "unclaimedRewards", "type": "uint256[]" },
      { "internalType": "uint256[]", "name": "lastRewardPerShares", "type": "uint256[]" }
    ],
    "stateMutability": "view",
    "type": "function"
  },
  {
    "inputs": [{ "internalType": "uint256", "name": "_pid", "type": "uint256" }],
    "name": "harvest",
    "outputs": [],
    "stateMutability": "nonpayable",
    "type": "function"
  },
  {
    "inputs": [{ "internalType": "uint256[]", "name": "_pids", "type": "uint256[]" }],
    "name": "harvestMultiplePools",
    "outputs": [],
    "stateMutability": "nonpayable",
    "type": "function"
  },
  {
    "inputs": [{ "internalType": "uint256", "name": "", "type": "uint256" }],
    "name": "multipliers",
    "outputs": [{ "internalType": "uint256", "name": "", "type": "uint256" }],
    "stateMutability": "view",
    "type": "function"
  },
  {
    "inputs": [],
    "name": "pendingAdmin",
    "outputs": [{ "internalType": "address", "name": "", "type": "address" }],
    "stateMutability": "view",
    "type": "function"
  },
  {
    "inputs": [
      { "internalType": "uint256", "name": "_pid", "type": "uint256" },
      { "internalType": "address", "name": "_user", "type": "address" }
    ],
    "name": "pendingRewards",
    "outputs": [{ "internalType": "uint256[]", "name": "rewards", "type": "uint256[]" }],
    "stateMutability": "view",
    "type": "function"
  },
  {
    "inputs": [{ "internalType": "address", "name": "", "type": "address" }],
    "name": "poolExists",
    "outputs": [{ "internalType": "bool", "name": "", "type": "bool" }],
    "stateMutability": "view",
    "type": "function"
  },
  {
    "inputs": [],
    "name": "poolLength",
    "outputs": [{ "internalType": "uint256", "name": "", "type": "uint256" }],
    "stateMutability": "view",
    "type": "function"
  },
  {
    "inputs": [
      { "internalType": "uint256", "name": "_pid", "type": "uint256" },
      { "internalType": "uint32", "name": "_startTime", "type": "uint32" },
      { "internalType": "uint32", "name": "_endTime", "type": "uint32" },
      { "internalType": "uint32", "name": "_vestingDuration", "type": "uint32" },
      { "internalType": "uint256[]", "name": "_totalRewards", "type": "uint256[]" }
    ],
    "name": "renewPool",
    "outputs": [],
    "stateMutability": "nonpayable",
    "type": "function"
  },
  {
    "inputs": [],
    "name": "rewardLocker",
    "outputs": [{ "internalType": "contract IKyberRewardLockerV2", "name": "", "type": "address" }],
    "stateMutability": "view",
    "type": "function"
  },
  {
    "inputs": [{ "internalType": "uint256", "name": "", "type": "uint256" }],
    "name": "rewardTokens",
    "outputs": [{ "internalType": "address", "name": "", "type": "address" }],
    "stateMutability": "view",
    "type": "function"
  },
  {
    "inputs": [{ "internalType": "address", "name": "newAdmin", "type": "address" }],
    "name": "transferAdmin",
    "outputs": [],
    "stateMutability": "nonpayable",
    "type": "function"
  },
  {
    "inputs": [{ "internalType": "address", "name": "newAdmin", "type": "address" }],
    "name": "transferAdminQuickly",
    "outputs": [],
    "stateMutability": "nonpayable",
    "type": "function"
  },
  {
    "inputs": [
      { "internalType": "uint256", "name": "_pid", "type": "uint256" },
      { "internalType": "uint32", "name": "_endTime", "type": "uint32" },
      { "internalType": "uint32", "name": "_vestingDuration", "type": "uint32" },
      { "internalType": "uint256[]", "name": "_totalRewards", "type": "uint256[]" }
    ],
    "name": "updatePool",
    "outputs": [],
    "stateMutability": "nonpayable",
    "type": "function"
  },
  {
    "inputs": [{ "internalType": "uint256", "name": "_pid", "type": "uint256" }],
    "name": "updatePoolRewards",
    "outputs": [],
    "stateMutability": "nonpayable",
    "type": "function"
  },
  {
    "inputs": [
      { "internalType": "uint256", "name": "_pid", "type": "uint256" },
      { "internalType": "uint256", "name": "_amount", "type": "uint256" }
    ],
    "name": "withdraw",
    "outputs": [],
    "stateMutability": "nonpayable",
    "type": "function"
  },
  {
    "inputs": [{ "internalType": "uint256", "name": "_pid", "type": "uint256" }],
    "name": "withdrawAll",
    "outputs": [],
    "stateMutability": "nonpayable",
    "type": "function"
  },
  { "stateMutability": "payable", "type": "receive" }
]
