[
  {
    "inputs": [
      { "internalType": "address", "name": "_factory", "type": "address" },
      { "internalType": "address", "name": "_farmGenerator", "type": "address" }
    ],
    "stateMutability": "nonpayable",
    "type": "constructor"
  },
  {
    "anonymous": false,
    "inputs": [
      { "indexed": true, "internalType": "address", "name": "user", "type": "address" },
      { "indexed": false, "internalType": "uint256", "name": "amount", "type": "uint256" }
    ],
    "name": "Deposit",
    "type": "event"
  },
  {
    "anonymous": false,
    "inputs": [
      { "indexed": true, "internalType": "address", "name": "user", "type": "address" },
      { "indexed": false, "internalType": "uint256", "name": "amount", "type": "uint256" }
    ],
    "name": "EmergencyWithdraw",
    "type": "event"
  },
  {
    "anonymous": false,
    "inputs": [
      { "indexed": true, "internalType": "address", "name": "user", "type": "address" },
      { "indexed": false, "internalType": "uint256", "name": "amount", "type": "uint256" }
    ],
    "name": "Withdraw",
    "type": "event"
  },
  {
    "inputs": [{ "internalType": "uint256", "name": "_amount", "type": "uint256" }],
    "name": "deposit",
    "outputs": [],
    "stateMutability": "nonpayable",
    "type": "function"
  },
  {
    "inputs": [],
    "name": "emergencyWithdraw",
    "outputs": [],
    "stateMutability": "nonpayable",
    "type": "function"
  },
  {
    "inputs": [],
    "name": "factory",
    "outputs": [{ "internalType": "contract IFarmFactory", "name": "", "type": "address" }],
    "stateMutability": "view",
    "type": "function"
  },
  {
    "inputs": [],
    "name": "farmGenerator",
    "outputs": [{ "internalType": "address", "name": "", "type": "address" }],
    "stateMutability": "view",
    "type": "function"
  },
  {
    "inputs": [],
    "name": "farmInfo",
    "outputs": [
      { "internalType": "contract IERC20", "name": "farmToken", "type": "address" },
      { "internalType": "contract IERC20", "name": "rewardToken", "type": "address" },
      { "internalType": "uint256", "name": "startBlock", "type": "uint256" },
      { "internalType": "uint256", "name": "blockReward", "type": "uint256" },
      { "internalType": "uint256", "name": "bonusEndBlock", "type": "uint256" },
      { "internalType": "uint256", "name": "bonus", "type": "uint256" },
      { "internalType": "uint256", "name": "endBlock", "type": "uint256" },
      { "internalType": "uint256", "name": "lastRewardBlock", "type": "uint256" },
      { "internalType": "uint256", "name": "accRewardPerShare", "type": "uint256" },
      { "internalType": "uint256", "name": "farmableSupply", "type": "uint256" },
      { "internalType": "uint256", "name": "numFarmers", "type": "uint256" }
    ],
    "stateMutability": "view",
    "type": "function"
  },
  {
    "inputs": [],
    "name": "farmType",
    "outputs": [{ "internalType": "uint256", "name": "", "type": "uint256" }],
    "stateMutability": "view",
    "type": "function"
  },
  {
    "inputs": [
      { "internalType": "uint256", "name": "_from_block", "type": "uint256" },
      { "internalType": "uint256", "name": "_to", "type": "uint256" }
    ],
    "name": "getMultiplier",
    "outputs": [{ "internalType": "uint256", "name": "", "type": "uint256" }],
    "stateMutability": "view",
    "type": "function"
  },
  {
    "inputs": [
      { "internalType": "contract IERC20", "name": "_rewardToken", "type": "address" },
      { "internalType": "uint256", "name": "_amount", "type": "uint256" },
      { "internalType": "contract IERC20", "name": "_farmToken", "type": "address" },
      { "internalType": "uint256", "name": "_blockReward", "type": "uint256" },
      { "internalType": "uint256", "name": "_startBlock", "type": "uint256" },
      { "internalType": "uint256", "name": "_endBlock", "type": "uint256" },
      { "internalType": "uint256", "name": "_bonusEndBlock", "type": "uint256" },
      { "internalType": "uint256", "name": "_bonus", "type": "uint256" }
    ],
    "name": "init",
    "outputs": [],
    "stateMutability": "nonpayable",
    "type": "function"
  },
  {
    "inputs": [{ "internalType": "address", "name": "_user", "type": "address" }],
    "name": "pendingReward",
    "outputs": [{ "internalType": "uint256", "name": "", "type": "uint256" }],
    "stateMutability": "view",
    "type": "function"
  },
  {
    "inputs": [],
    "name": "updatePool",
    "outputs": [],
    "stateMutability": "nonpayable",
    "type": "function"
  },
  {
    "inputs": [{ "internalType": "address", "name": "", "type": "address" }],
    "name": "userInfo",
    "outputs": [
      { "internalType": "uint256", "name": "amount", "type": "uint256" },
      { "internalType": "uint256", "name": "rewardDebt", "type": "uint256" }
    ],
    "stateMutability": "view",
    "type": "function"
  },
  {
    "inputs": [{ "internalType": "uint256", "name": "_amount", "type": "uint256" }],
    "name": "withdraw",
    "outputs": [],
    "stateMutability": "nonpayable",
    "type": "function"
  }
]
