[
  {
    "inputs": [
      { "internalType": "address", "name": "_token", "type": "address" },
      { "internalType": "address", "name": "_daoFundAddr", "type": "address" },
      { "internalType": "uint256", "name": "_daoFundDivRate", "type": "uint256" },
      { "internalType": "uint256", "name": "_startBlock", "type": "uint256" },
      { "internalType": "uint256", "name": "_periodFinish", "type": "uint256" },
      { "internalType": "uint256", "name": "_endLockedBlock", "type": "uint256" },
      { "internalType": "uint256[]", "name": "_arrReleaseBlock", "type": "uint256[]" },
      { "internalType": "uint256[]", "name": "_arrPeriodReward", "type": "uint256[]" },
      { "internalType": "uint256[]", "name": "_arrRewardPerBlock", "type": "uint256[]" }
    ],
    "stateMutability": "nonpayable",
    "type": "constructor"
  },
  {
    "anonymous": false,
    "inputs": [
      { "indexed": true, "internalType": "address", "name": "user", "type": "address" },
      { "indexed": true, "internalType": "uint256", "name": "pid", "type": "uint256" },
      { "indexed": false, "internalType": "uint256", "name": "amount", "type": "uint256" }
    ],
    "name": "Deposit",
    "type": "event"
  },
  {
    "anonymous": false,
    "inputs": [
      { "indexed": true, "internalType": "address", "name": "user", "type": "address" },
      { "indexed": true, "internalType": "uint256", "name": "pid", "type": "uint256" },
      { "indexed": false, "internalType": "uint256", "name": "amount", "type": "uint256" }
    ],
    "name": "EmergencyWithdraw",
    "type": "event"
  },
  {
    "anonymous": false,
    "inputs": [
      { "indexed": true, "internalType": "address", "name": "user", "type": "address" },
      { "indexed": false, "internalType": "uint256", "name": "amount", "type": "uint256" }
    ],
    "name": "RewardPaid",
    "type": "event"
  },
  {
    "anonymous": false,
    "inputs": [
      { "indexed": true, "internalType": "address", "name": "user", "type": "address" },
      { "indexed": true, "internalType": "uint256", "name": "pid", "type": "uint256" },
      { "indexed": false, "internalType": "uint256", "name": "amount", "type": "uint256" }
    ],
    "name": "Withdraw",
    "type": "event"
  },
  {
    "inputs": [],
    "name": "BLOCKS_PER_MONTH",
    "outputs": [{ "internalType": "uint256", "name": "", "type": "uint256" }],
    "stateMutability": "view",
    "type": "function"
  },
  {
    "inputs": [
      { "internalType": "address", "name": "", "type": "address" },
      { "internalType": "uint256", "name": "", "type": "uint256" }
    ],
    "name": "_locks",
    "outputs": [{ "internalType": "uint256", "name": "", "type": "uint256" }],
    "stateMutability": "view",
    "type": "function"
  },
  {
    "inputs": [
      { "internalType": "uint256", "name": "_allocPoint", "type": "uint256" },
      { "internalType": "contract IERC20", "name": "_lpToken", "type": "address" },
      { "internalType": "bool", "name": "_withUpdate", "type": "bool" },
      { "internalType": "uint256", "name": "_lastRewardBlock", "type": "uint256" }
    ],
    "name": "add",
    "outputs": [],
    "stateMutability": "nonpayable",
    "type": "function"
  },
  {
    "inputs": [{ "internalType": "uint256", "name": "", "type": "uint256" }],
    "name": "arrPeriodReward",
    "outputs": [{ "internalType": "uint256", "name": "", "type": "uint256" }],
    "stateMutability": "view",
    "type": "function"
  },
  {
    "inputs": [{ "internalType": "uint256", "name": "", "type": "uint256" }],
    "name": "arrReleaseBlock",
    "outputs": [{ "internalType": "uint256", "name": "", "type": "uint256" }],
    "stateMutability": "view",
    "type": "function"
  },
  {
    "inputs": [{ "internalType": "uint256", "name": "", "type": "uint256" }],
    "name": "arrRewardPerBlock",
    "outputs": [{ "internalType": "uint256", "name": "", "type": "uint256" }],
    "stateMutability": "view",
    "type": "function"
  },
  {
    "inputs": [{ "internalType": "address", "name": "_account", "type": "address" }],
    "name": "canUnlockAmount",
    "outputs": [{ "internalType": "uint256", "name": "", "type": "uint256" }],
    "stateMutability": "view",
    "type": "function"
  },
  {
    "inputs": [],
    "name": "currentPeriod",
    "outputs": [{ "internalType": "uint256", "name": "", "type": "uint256" }],
    "stateMutability": "view",
    "type": "function"
  },
  {
    "inputs": [],
    "name": "daoFundAddr",
    "outputs": [{ "internalType": "address", "name": "", "type": "address" }],
    "stateMutability": "view",
    "type": "function"
  },
  {
    "inputs": [],
    "name": "daoFundDivRate",
    "outputs": [{ "internalType": "uint256", "name": "", "type": "uint256" }],
    "stateMutability": "view",
    "type": "function"
  },
  {
    "inputs": [
      { "internalType": "uint256", "name": "_pid", "type": "uint256" },
      { "internalType": "uint256", "name": "_amount", "type": "uint256" }
    ],
    "name": "deposit",
    "outputs": [],
    "stateMutability": "nonpayable",
    "type": "function"
  },
  {
    "inputs": [{ "internalType": "uint256", "name": "_pid", "type": "uint256" }],
    "name": "emergencyWithdraw",
    "outputs": [],
    "stateMutability": "nonpayable",
    "type": "function"
  },
  {
    "inputs": [],
    "name": "endLockedBlock",
    "outputs": [{ "internalType": "uint256", "name": "", "type": "uint256" }],
    "stateMutability": "view",
    "type": "function"
  },
  {
    "inputs": [
      { "internalType": "uint256", "name": "_from", "type": "uint256" },
      { "internalType": "uint256", "name": "_to", "type": "uint256" }
    ],
    "name": "getGeneratedReward",
    "outputs": [{ "internalType": "uint256", "name": "", "type": "uint256" }],
    "stateMutability": "view",
    "type": "function"
  },
  {
    "inputs": [
      { "internalType": "contract IERC20", "name": "_token", "type": "address" },
      { "internalType": "uint256", "name": "amount", "type": "uint256" },
      { "internalType": "address", "name": "to", "type": "address" }
    ],
    "name": "governanceRecoverUnsupported",
    "outputs": [],
    "stateMutability": "nonpayable",
    "type": "function"
  },
  {
    "inputs": [
      { "internalType": "uint256", "name": "_pid", "type": "uint256" },
      { "internalType": "address", "name": "_account", "type": "address" }
    ],
    "name": "harvest",
    "outputs": [],
    "stateMutability": "nonpayable",
    "type": "function"
  },
  {
    "inputs": [{ "internalType": "address", "name": "_account", "type": "address" }],
    "name": "lockOf",
    "outputs": [{ "internalType": "uint256", "name": "", "type": "uint256" }],
    "stateMutability": "view",
    "type": "function"
  },
  {
    "inputs": [],
    "name": "lockedRate",
    "outputs": [{ "internalType": "uint256", "name": "", "type": "uint256" }],
    "stateMutability": "view",
    "type": "function"
  },
  {
    "inputs": [],
    "name": "massUpdatePools",
    "outputs": [],
    "stateMutability": "nonpayable",
    "type": "function"
  },
  {
    "inputs": [],
    "name": "operator",
    "outputs": [{ "internalType": "address", "name": "", "type": "address" }],
    "stateMutability": "view",
    "type": "function"
  },
  {
    "inputs": [
      { "internalType": "uint256", "name": "_pid", "type": "uint256" },
      { "internalType": "address", "name": "_user", "type": "address" }
    ],
    "name": "pendingToken",
    "outputs": [{ "internalType": "uint256", "name": "", "type": "uint256" }],
    "stateMutability": "view",
    "type": "function"
  },
  {
    "inputs": [],
    "name": "periodFinish",
    "outputs": [{ "internalType": "uint256", "name": "", "type": "uint256" }],
    "stateMutability": "view",
    "type": "function"
  },
  {
    "inputs": [{ "internalType": "uint256", "name": "", "type": "uint256" }],
    "name": "poolInfo",
    "outputs": [
      { "internalType": "contract IERC20", "name": "lpToken", "type": "address" },
      { "internalType": "uint256", "name": "allocPoint", "type": "uint256" },
      { "internalType": "uint256", "name": "lastRewardBlock", "type": "uint256" },
      { "internalType": "uint256", "name": "accTokenPerShare", "type": "uint256" },
      { "internalType": "bool", "name": "isStarted", "type": "bool" }
    ],
    "stateMutability": "view",
    "type": "function"
  },
  {
    "inputs": [
      { "internalType": "uint256", "name": "_pid", "type": "uint256" },
      { "internalType": "uint256", "name": "_allocPoint", "type": "uint256" }
    ],
    "name": "set",
    "outputs": [],
    "stateMutability": "nonpayable",
    "type": "function"
  },
  {
    "inputs": [{ "internalType": "address", "name": "_daoFundAddr", "type": "address" }],
    "name": "setDAOFundAddr",
    "outputs": [],
    "stateMutability": "nonpayable",
    "type": "function"
  },
  {
    "inputs": [{ "internalType": "address", "name": "_operator", "type": "address" }],
    "name": "setOperator",
    "outputs": [],
    "stateMutability": "nonpayable",
    "type": "function"
  },
  {
    "inputs": [],
    "name": "startBlock",
    "outputs": [{ "internalType": "uint256", "name": "", "type": "uint256" }],
    "stateMutability": "view",
    "type": "function"
  },
  {
    "inputs": [],
    "name": "token",
    "outputs": [{ "internalType": "contract IERC20", "name": "", "type": "address" }],
    "stateMutability": "view",
    "type": "function"
  },
  {
    "inputs": [],
    "name": "totalAllocPoint",
    "outputs": [{ "internalType": "uint256", "name": "", "type": "uint256" }],
    "stateMutability": "view",
    "type": "function"
  },
  {
    "inputs": [],
    "name": "totalTransfer",
    "outputs": [{ "internalType": "uint256", "name": "", "type": "uint256" }],
    "stateMutability": "view",
    "type": "function"
  },
  {
    "inputs": [],
    "name": "unlock",
    "outputs": [],
    "stateMutability": "nonpayable",
    "type": "function"
  },
  {
    "inputs": [{ "internalType": "uint256", "name": "_pid", "type": "uint256" }],
    "name": "updatePool",
    "outputs": [],
    "stateMutability": "nonpayable",
    "type": "function"
  },
  {
    "inputs": [
      { "internalType": "uint256", "name": "", "type": "uint256" },
      { "internalType": "address", "name": "", "type": "address" }
    ],
    "name": "userInfo",
    "outputs": [
      { "internalType": "uint256", "name": "amount", "type": "uint256" },
      { "internalType": "uint256", "name": "rewardDebt", "type": "uint256" },
      { "internalType": "uint256", "name": "lastRewardBlock", "type": "uint256" }
    ],
    "stateMutability": "view",
    "type": "function"
  },
  {
    "inputs": [
      { "internalType": "uint256", "name": "_pid", "type": "uint256" },
      { "internalType": "uint256", "name": "_amount", "type": "uint256" }
    ],
    "name": "withdraw",
    "outputs": [],
    "stateMutability": "nonpayable",
    "type": "function"
  }
]
