[
  {
    "type": "constructor",
    "stateMutability": "nonpayable",
    "payable": false,
    "inputs": [
      {
        "type": "address",
        "name": "_rewardsDistribution",
        "internalType": "address"
      },
      {
        "type": "address[]",
        "name": "_rewardsTokens",
        "internalType": "contract IERC20[]"
      },
      {
        "type": "address",
        "name": "_stakingToken",
        "internalType": "address"
      }
    ]
  },
  {
    "type": "event",
    "name": "RewardAdded",
    "inputs": [
      {
        "type": "uint256[]",
        "name": "reward",
        "internalType": "uint256[]",
        "indexed": false
      }
    ],
    "anonymous": false
  },
  {
    "type": "event",
    "name": "RewardPaid",
    "inputs": [
      {
        "type": "address",
        "name": "user",
        "internalType": "address",
        "indexed": true
      },
      {
        "type": "uint256[]",
        "name": "rewards",
        "internalType": "uint256[]",
        "indexed": false
      }
    ],
    "anonymous": false
  },
  {
    "type": "event",
    "name": "Staked",
    "inputs": [
      {
        "type": "address",
        "name": "user",
        "internalType": "address",
        "indexed": true
      },
      {
        "type": "uint256",
        "name": "amount",
        "internalType": "uint256",
        "indexed": false
      }
    ],
    "anonymous": false
  },
  {
    "type": "event",
    "name": "Withdrawn",
    "inputs": [
      {
        "type": "address",
        "name": "user",
        "internalType": "address",
        "indexed": true
      },
      {
        "type": "uint256",
        "name": "amount",
        "internalType": "uint256",
        "indexed": false
      }
    ],
    "anonymous": false
  },
  {
    "type": "function",
    "stateMutability": "view",
    "payable": false,
    "outputs": [
      {
        "type": "uint256",
        "name": "",
        "internalType": "uint256"
      }
    ],
    "name": "balanceOf",
    "inputs": [
      {
        "type": "address",
        "name": "account",
        "internalType": "address"
      }
    ],
    "constant": true
  },
  {
    "type": "function",
    "stateMutability": "view",
    "payable": false,
    "outputs": [
      {
        "type": "uint256[]",
        "name": "",
        "internalType": "uint256[]"
      }
    ],
    "name": "earned",
    "inputs": [
      {
        "type": "address",
        "name": "account",
        "internalType": "address"
      }
    ],
    "constant": true
  },
  {
    "type": "function",
    "stateMutability": "nonpayable",
    "payable": false,
    "outputs": [],
    "name": "exit",
    "inputs": [],
    "constant": false
  },
  {
    "type": "function",
    "stateMutability": "nonpayable",
    "payable": false,
    "outputs": [],
    "name": "getReward",
    "inputs": [],
    "constant": false
  },
  {
    "type": "function",
    "stateMutability": "view",
    "payable": false,
    "outputs": [
      {
        "type": "uint256[]",
        "name": "",
        "internalType": "uint256[]"
      }
    ],
    "name": "getRewardRates",
    "inputs": [],
    "constant": true
  },
  {
    "type": "function",
    "stateMutability": "view",
    "payable": false,
    "outputs": [
      {
        "type": "uint256[]",
        "name": "",
        "internalType": "uint256[]"
      }
    ],
    "name": "getRewards",
    "inputs": [
      {
        "type": "address",
        "name": "user",
        "internalType": "address"
      }
    ],
    "constant": true
  },
  {
    "type": "function",
    "stateMutability": "view",
    "payable": false,
    "outputs": [
      {
        "type": "uint256[]",
        "name": "",
        "internalType": "uint256[]"
      }
    ],
    "name": "getRewardsForDuration",
    "inputs": [],
    "constant": true
  },
  {
    "type": "function",
    "stateMutability": "view",
    "payable": false,
    "outputs": [
      {
        "type": "uint256[]",
        "name": "",
        "internalType": "uint256[]"
      }
    ],
    "name": "getRewardsPerTokenStored",
    "inputs": [],
    "constant": true
  },
  {
    "type": "function",
    "stateMutability": "view",
    "payable": false,
    "outputs": [
      {
        "type": "address[]",
        "name": "",
        "internalType": "contract IERC20[]"
      }
    ],
    "name": "getRewardsTokens",
    "inputs": [],
    "constant": true
  },
  {
    "type": "function",
    "stateMutability": "view",
    "payable": false,
    "outputs": [
      {
        "type": "uint256[]",
        "name": "",
        "internalType": "uint256[]"
      }
    ],
    "name": "getUserRewardPerTokenPaid",
    "inputs": [
      {
        "type": "address",
        "name": "user",
        "internalType": "address"
      }
    ],
    "constant": true
  },
  {
    "type": "function",
    "stateMutability": "view",
    "payable": false,
    "outputs": [
      {
        "type": "uint256",
        "name": "",
        "internalType": "uint256"
      }
    ],
    "name": "lastTimeRewardApplicable",
    "inputs": [],
    "constant": true
  },
  {
    "type": "function",
    "stateMutability": "view",
    "payable": false,
    "outputs": [
      {
        "type": "uint256",
        "name": "",
        "internalType": "uint256"
      }
    ],
    "name": "lastUpdateTime",
    "inputs": [],
    "constant": true
  },
  {
    "type": "function",
    "stateMutability": "nonpayable",
    "payable": false,
    "outputs": [],
    "name": "notifyRewardAmount",
    "inputs": [
      {
        "type": "uint256[]",
        "name": "addedRewards",
        "internalType": "uint256[]"
      }
    ],
    "constant": false
  },
  {
    "type": "function",
    "stateMutability": "view",
    "payable": false,
    "outputs": [
      {
        "type": "uint256",
        "name": "",
        "internalType": "uint256"
      }
    ],
    "name": "periodFinish",
    "inputs": [],
    "constant": true
  },
  {
    "type": "function",
    "stateMutability": "view",
    "payable": false,
    "outputs": [
      {
        "type": "uint256",
        "name": "",
        "internalType": "uint256"
      }
    ],
    "name": "rewardRates",
    "inputs": [
      {
        "type": "uint256",
        "name": "",
        "internalType": "uint256"
      }
    ],
    "constant": true
  },
  {
    "type": "function",
    "stateMutability": "view",
    "payable": false,
    "outputs": [
      {
        "type": "uint256",
        "name": "",
        "internalType": "uint256"
      }
    ],
    "name": "rewards",
    "inputs": [
      {
        "type": "address",
        "name": "",
        "internalType": "address"
      },
      {
        "type": "uint256",
        "name": "",
        "internalType": "uint256"
      }
    ],
    "constant": true
  },
  {
    "type": "function",
    "stateMutability": "view",
    "payable": false,
    "outputs": [
      {
        "type": "address",
        "name": "",
        "internalType": "address"
      }
    ],
    "name": "rewardsDistribution",
    "inputs": [],
    "constant": true
  },
  {
    "type": "function",
    "stateMutability": "view",
    "payable": false,
    "outputs": [
      {
        "type": "uint256",
        "name": "",
        "internalType": "uint256"
      }
    ],
    "name": "rewardsDuration",
    "inputs": [],
    "constant": true
  },
  {
    "type": "function",
    "stateMutability": "view",
    "payable": false,
    "outputs": [
      {
        "type": "uint256[]",
        "name": "",
        "internalType": "uint256[]"
      }
    ],
    "name": "rewardsPerToken",
    "inputs": [],
    "constant": true
  },
  {
    "type": "function",
    "stateMutability": "view",
    "payable": false,
    "outputs": [
      {
        "type": "uint256",
        "name": "",
        "internalType": "uint256"
      }
    ],
    "name": "rewardsPerTokenStored",
    "inputs": [
      {
        "type": "uint256",
        "name": "",
        "internalType": "uint256"
      }
    ],
    "constant": true
  },
  {
    "type": "function",
    "stateMutability": "view",
    "payable": false,
    "outputs": [
      {
        "type": "address",
        "name": "",
        "internalType": "contract IERC20"
      }
    ],
    "name": "rewardsTokens",
    "inputs": [
      {
        "type": "uint256",
        "name": "",
        "internalType": "uint256"
      }
    ],
    "constant": true
  },
  {
    "type": "function",
    "stateMutability": "nonpayable",
    "payable": false,
    "outputs": [],
    "name": "stake",
    "inputs": [
      {
        "type": "uint256",
        "name": "amount",
        "internalType": "uint256"
      }
    ],
    "constant": false
  },
  {
    "type": "function",
    "stateMutability": "nonpayable",
    "payable": false,
    "outputs": [],
    "name": "stakeWithPermit",
    "inputs": [
      {
        "type": "uint256",
        "name": "amount",
        "internalType": "uint256"
      },
      {
        "type": "uint256",
        "name": "deadline",
        "internalType": "uint256"
      },
      {
        "type": "uint8",
        "name": "v",
        "internalType": "uint8"
      },
      {
        "type": "bytes32",
        "name": "r",
        "internalType": "bytes32"
      },
      {
        "type": "bytes32",
        "name": "s",
        "internalType": "bytes32"
      }
    ],
    "constant": false
  },
  {
    "type": "function",
    "stateMutability": "view",
    "payable": false,
    "outputs": [
      {
        "type": "address",
        "name": "",
        "internalType": "contract IERC20"
      }
    ],
    "name": "stakingToken",
    "inputs": [],
    "constant": true
  },
  {
    "type": "function",
    "stateMutability": "view",
    "payable": false,
    "outputs": [
      {
        "type": "uint256",
        "name": "",
        "internalType": "uint256"
      }
    ],
    "name": "totalSupply",
    "inputs": [],
    "constant": true
  },
  {
    "type": "function",
    "stateMutability": "view",
    "payable": false,
    "outputs": [
      {
        "type": "uint256",
        "name": "",
        "internalType": "uint256"
      }
    ],
    "name": "userRewardPerTokenPaid",
    "inputs": [
      {
        "type": "address",
        "name": "",
        "internalType": "address"
      },
      {
        "type": "uint256",
        "name": "",
        "internalType": "uint256"
      }
    ],
    "constant": true
  },
  {
    "type": "function",
    "stateMutability": "nonpayable",
    "payable": false,
    "outputs": [],
    "name": "withdraw",
    "inputs": [
      {
        "type": "uint256",
        "name": "amount",
        "internalType": "uint256"
      }
    ],
    "constant": false
  }
]
